Name,Score_activation
EMO1,4.4627600465277775
EMO10,5.120810539583333
EMO100,6.978917057617188
EMO1000,6.310552080632716
EMO1001,5.917962721264368
EMO1002,6.686743288377193
EMO1003,6.7464919921875
EMO1004,6.621868524739583
EMO1005,5.866313404947917
EMO1006,6.51298610474537
EMO1007,6.495599687973485
EMO1008,6.0619127408854165
EMO1009,6.656376357230392
EMO101,6.756417129261363
EMO1010,6.309165447916667
EMO1011,6.5673555408653845
EMO1012,7.240738897569445
EMO1013,7.199738855962644
EMO1014,8.925351205452127
EMO1015,8.881987926177537
EMO1016,9.005082259943181
EMO1017,9.064234607083334
EMO1018,7.477375489583333
EMO1019,7.271187730525362
EMO102,7.300426770285088
EMO1020,8.11800370095486
EMO1021,8.554989397569445
EMO1022,7.388335645833333
EMO1023,7.635808233506944
EMO1024,7.666393697916667
EMO1025,6.998301580555555
EMO1026,7.402705684782608
EMO1027,7.414455059244791
EMO1028,6.885381263671875
EMO1029,7.686575236111111
EMO103,6.699388453431372
EMO1030,7.457721470352564
EMO1031,7.631416000868056
EMO1032,8.544872697916666
EMO1033,7.728109843749999
EMO1034,6.150072856481481
EMO1035,7.857567279454023
EMO1036,7.002826167467949
EMO1037,7.084946597005208
EMO1038,8.257389269736843
EMO1039,8.219059629289216
EMO104,6.296629690972222
EMO1040,7.458045005681818
EMO1041,7.7754541875
EMO1042,6.704835373511905
EMO1043,6.730468584375
EMO1044,6.044780330729167
EMO1045,7.356264556985294
EMO1046,7.343791076704545
EMO1047,4.633709764660494
EMO1048,6.810917397916667
EMO1049,8.06621025400641
EMO105,6.5236450277777775
EMO1050,5.859214236111111
EMO1051,7.101420875578704
EMO1052,7.271211819661458
EMO1053,8.207137778186274
EMO1054,7.239711956439394
EMO1055,6.187235767361111
EMO1056,6.252757739583334
EMO1057,7.0081522022569445
EMO1058,6.905772686011905
EMO1059,7.165111769717262
EMO106,7.01821761875
EMO1060,8.758150113467263
EMO1061,8.127613788793104
EMO1062,8.436304055989584
EMO1063,5.141304246031746
EMO1064,7.024259953431373
EMO1065,6.522161742361111
EMO1066,6.332218711588542
EMO1067,7.0447802578125
EMO1068,5.653245016025641
EMO1069,7.439203984375
EMO107,6.6164087065548784
EMO1070,8.365357780833333
EMO1071,8.150371961925288
EMO1072,7.838315185416667
EMO1073,7.908919371875
EMO1074,7.009847211397059
EMO1075,6.983975311887255
EMO1076,8.530638625
EMO1077,8.08973232795699
EMO1078,6.11168465
EMO1079,7.018348647569445
EMO108,6.074704372395833
EMO1080,7.339035914663461
EMO1081,8.432200521286232
EMO1082,7.995204092261905
EMO1083,6.913512473214285
EMO1084,7.6922555
EMO1085,8.55957844233631
EMO1086,6.6024160080128205
EMO1087,6.83565037797619
EMO1088,6.372354202651516
EMO1089,6.435115209635416
EMO109,6.194936820075758
EMO1090,6.739286002604167
EMO1091,7.262946442057292
EMO1092,6.791787893601191
EMO1093,6.823116258578431
EMO1094,7.082795823784723
EMO1095,7.234945229166667
EMO1096,7.274043733072917
EMO1097,7.8554761875
EMO1098,6.5159542679924245
EMO1099,6.600456333333334
EMO11,6.166116057765152
EMO110,6.425854932291666
EMO1100,7.344040998511905
EMO1101,7.535296230392157
EMO1102,7.424154592361111
EMO1103,6.29500659375
EMO1104,6.859620264756944
EMO1105,8.342909107536764
EMO1106,7.892445982638889
EMO1107,8.640448359583333
EMO1108,8.264225739583333
EMO1109,8.130489658266129
EMO111,6.76750732421875
EMO1110,7.595817251795977
EMO1111,6.810891061631945
EMO1112,8.305593336206897
EMO1113,7.6740977146739136
EMO1114,7.939487327302632
EMO1115,7.192799628205128
EMO1116,7.174169799679487
EMO1117,8.170777283564815
EMO1118,6.983406821875
EMO1119,8.349488887586805
EMO112,5.742262930555556
EMO1120,8.53502341065705
EMO1121,8.879342941220239
EMO1122,6.653221020254629
EMO1123,5.875996658333333
EMO1124,8.564085057738096
EMO1125,7.781026785300926
EMO1126,8.613669353869048
EMO1127,9.105756519965276
EMO1128,7.711277081101191
EMO1129,8.491377008223685
EMO113,5.818595642361111
EMO1130,8.872347531556372
EMO1131,7.377423527994791
EMO1132,7.913025519736842
EMO1133,7.971778531684028
EMO1134,5.563971777777778
EMO1135,8.615043344401041
EMO1136,8.095289392857143
EMO1137,8.44142365264423
EMO1138,7.48635641118421
EMO1139,7.158372938988095
EMO114,5.464192677083333
EMO1140,7.3097698993055555
EMO1141,8.520471590389786
EMO1142,7.53545815625
EMO1143,7.410393996875
EMO1144,6.645253216145833
EMO1145,6.607484232291666
EMO1146,7.108772705492425
EMO1147,6.199121895833334
EMO1148,7.009271738425926
EMO1149,7.173629872395834
EMO115,6.185078221064815
EMO1150,6.935549655092593
EMO1151,6.548028638020834
EMO1152,6.3454057734375
EMO1153,6.395097095052083
EMO1154,6.139492630952381
EMO1155,7.133486255681818
EMO1156,6.619253827083334
EMO1157,6.8995506340277775
EMO1158,6.529636765625
EMO1159,6.355262843749999
EMO116,6.317873693910256
EMO1160,6.525654862847222
EMO1161,7.042339041666667
EMO1162,7.115605483552631
EMO1163,7.361740399553572
EMO1164,7.87480161875
EMO1165,7.53583566115196
EMO1166,6.924239393429487
EMO1167,7.127415413194444
EMO1168,6.495513692708333
EMO1169,7.470375719583333
EMO117,6.489537865277778
EMO1170,7.293830735576923
EMO1171,6.313707467013889
EMO1172,6.505576299479166
EMO1173,6.273789741898148
EMO1174,6.394166525462963
EMO1175,6.605751686698718
EMO1176,7.002204841557018
EMO1177,6.62123976754386
EMO1178,5.956818690104167
EMO1179,5.391332578125
EMO118,6.489904178819445
EMO1180,6.033265533333333
EMO1181,6.14985969140625
EMO1182,6.548816148809524
EMO1183,6.019757958333333
EMO1184,6.733928394675926
EMO1185,6.109495309895833
EMO1186,6.405926566964286
EMO1187,6.250339593750001
EMO1188,5.752400402083333
EMO1189,5.479638743055556
EMO119,6.595559941722973
EMO1190,5.6449274166666665
EMO1191,7.69801877889785
EMO1192,5.7105523625
EMO1193,5.510034388020833
EMO1194,5.4293761171875
EMO1195,6.063887213541666
EMO1196,5.1556271298076926
EMO1197,6.149086165064102
EMO1198,6.280101504464286
EMO1199,6.272651971354167
EMO12,5.506256120225695
EMO120,5.878856727864584
EMO1200,5.986946772321429
EMO1201,5.910892182291667
EMO1202,8.056511091889881
EMO1203,6.167323427083333
EMO1204,5.406853871527778
EMO1205,5.923185622094671
EMO1206,7.187564336386494
EMO1207,5.973623824900794
EMO1208,5.9547405673076925
EMO1209,6.586338466346153
EMO121,6.319463349702381
EMO1210,5.7849182125
EMO1211,6.546667293402778
EMO1212,7.392210141426282
EMO1213,8.008641777083334
EMO1214,8.003258763354701
EMO1215,5.636696067829457
EMO1216,6.801432034226191
EMO1217,6.678521322916667
EMO1218,6.370275964120371
EMO1219,7.1730815
EMO122,5.569085597222222
EMO1220,7.511628788793104
EMO1221,7.054643052827381
EMO1222,7.028148075431035
EMO1223,5.665965828265766
EMO1224,6.807624935763889
EMO1225,6.799469275122549
EMO1226,6.47561037594697
EMO1227,6.344148306712963
EMO1228,6.319362887019231
EMO1229,5.747605946428572
EMO123,6.0724127489583335
EMO1230,7.146913434294872
EMO1231,6.896523918055555
EMO1232,7.14485382578125
EMO1233,7.6803415182291666
EMO1234,5.855452447916667
EMO1235,4.398314688194445
EMO1236,6.958107458946079
EMO1237,4.483460875
EMO1238,5.840898625
EMO1239,6.331815824652778
EMO124,5.307603083333333
EMO1240,7.782819445075757
EMO1241,6.9633003723958335
EMO1242,7.912267020220589
EMO1243,6.911182168269231
EMO1244,6.1932885546875
EMO1245,6.942181433712121
EMO1246,7.874510626602564
EMO1247,7.76230634375
EMO1248,7.216451971467391
EMO1249,7.929649242300725
EMO125,5.3822464114583335
EMO1250,7.723242904057018
EMO1251,8.298773425
EMO1252,8.638485541666666
EMO1253,7.952202208333333
EMO1254,7.318512249999999
EMO1255,8.915384221354167
EMO1256,8.697996841666667
EMO1257,8.40631206105324
EMO1258,8.163741863425926
EMO1259,7.929939211482558
EMO126,6.474192804315477
EMO1260,7.632934835590277
EMO1261,7.66537347265625
EMO1262,5.402000530092592
EMO1263,6.920999011029412
EMO1264,7.2183782305555555
EMO1265,7.363608298611111
EMO1266,7.7297855203125
EMO1267,6.456650354166666
EMO1268,5.842431776041667
EMO1269,5.483164031249999
EMO127,6.401211341517857
EMO1270,4.655309612179488
EMO1271,6.496639286931818
EMO1272,7.589408329545455
EMO1273,6.0964372755681815
EMO1274,7.596422524038461
EMO1275,6.943196166666667
EMO1276,6.392054642857143
EMO1277,4.834663988425926
EMO1278,7.495502303442029
EMO1279,6.818810277083333
EMO128,6.296957474431818
EMO1280,7.49385723000672
EMO1281,7.505268519159226
EMO1282,7.878716932904411
EMO1283,7.696752923245614
EMO1284,5.879183764583334
EMO1285,7.479109046130953
EMO1286,7.159966511458333
EMO1287,7.243733847222222
EMO1288,6.136266046130952
EMO1289,7.331533765625
EMO129,6.22531084837963
EMO1290,6.473941604166667
EMO1291,7.239619108072916
EMO1292,6.532547342592593
EMO1293,8.996781823863637
EMO1294,7.0010991373106055
EMO1295,5.590110501302084
EMO1296,6.529052546401515
EMO1297,7.273888065277778
EMO1298,6.88140466796875
EMO1299,6.773397890625
EMO13,5.626495546006944
EMO130,6.501908033244681
EMO1300,6.175524120265151
EMO1301,6.144166982142857
EMO1302,7.4641275
EMO1303,8.08507183829365
EMO1304,7.299661858072917
EMO1305,6.950590136458334
EMO1306,6.968057365451389
EMO1307,6.207845953125
EMO1308,6.939731704861111
EMO1309,6.526306824404761
EMO131,6.338339107142858
EMO1310,7.524697660714286
EMO1311,7.819230109375
EMO1312,7.0713594453125
EMO1313,7.110677355208333
EMO1314,6.703854745535715
EMO1315,8.454251337962964
EMO1316,7.236072973214285
EMO1317,7.4307198
EMO1318,7.436047274038461
EMO1319,7.832223729910715
EMO132,7.134313624614197
EMO1320,7.21769659765625
EMO1321,6.646984319444444
EMO1322,7.354324234375
EMO1323,7.788548925
EMO1324,8.06494850636574
EMO1325,6.758069541666667
EMO1326,5.532674821759259
EMO1327,6.898113372767857
EMO1328,7.283015783203125
EMO1329,7.76186403125
EMO133,6.488415726128472
EMO1330,7.205817352083334
EMO1331,5.009964095238096
EMO1332,4.7190508
EMO1333,7.0478236785714286
EMO1334,5.943879852272727
EMO1335,6.19050895703125
EMO1336,5.537081736111111
EMO1337,5.4809527395833335
EMO1338,7.830913
EMO1339,7.585769037946428
EMO134,6.603086479166667
EMO1340,7.423370795731707
EMO1341,8.170506626736111
EMO1342,8.144293696022727
EMO1343,6.299380171875
EMO1344,6.283986655598959
EMO1345,6.644008902777778
EMO1346,7.295363423502604
EMO1347,7.478653452620968
EMO1348,7.6344288075
EMO1349,5.846597244047619
EMO135,7.629444958333333
EMO1350,5.968182730282738
EMO1351,6.394237972222222
EMO1352,7.408313057725694
EMO1353,7.064032078525641
EMO1354,7.102598910714286
EMO1355,7.621786554166666
EMO1356,7.929937230113636
EMO1357,6.06382846875
EMO1358,7.820210307291666
EMO1359,8.001773678977273
EMO136,6.190807384320175
EMO1360,6.083199572916667
EMO1361,6.102026930555556
EMO1362,7.241544644841269
EMO1363,5.394658583333333
EMO1364,6.627050483796297
EMO1365,4.605685083333333
EMO1366,6.044614396739131
EMO1367,6.296602514322917
EMO1368,6.965626529947917
EMO1369,5.8679120763888895
EMO137,6.572834735821759
EMO1370,6.296111494212963
EMO1371,6.674929041666667
EMO1372,8.676517861979168
EMO1373,6.992356421401516
EMO1374,6.652046494318181
EMO1375,5.612497142857143
EMO1376,6.011535886363636
EMO1377,6.136591578125
EMO1378,6.128119345238096
EMO1379,5.537437425
EMO138,5.839964367753623
EMO1380,8.601899340820312
EMO1381,5.312540125
EMO1382,6.9509781197916665
EMO1383,5.591872815972222
EMO1384,6.011135401785714
EMO1385,5.420403477083333
EMO1386,6.064146131944445
EMO1387,7.201892240384615
EMO1388,6.747405113636364
EMO1389,6.843993665441176
EMO139,5.829993185763889
EMO1390,6.371217375
EMO1391,6.4354723541666665
EMO1392,6.44465446875
EMO1393,6.3507386125
EMO1394,5.655189486979166
EMO1395,5.246610180059523
EMO1396,7.063499067361112
EMO1397,4.290212733901515
EMO1398,5.779850390625
EMO1399,7.411028954545454
EMO14,6.032736392708333
EMO140,5.758669620535715
EMO1400,6.559175557291667
EMO1401,5.871843504464286
EMO1402,7.3578531600378785
EMO1403,6.545719805555556
EMO1404,5.585363615933642
EMO1405,5.853683875
EMO1406,6.040547444627193
EMO1407,6.543948049355159
EMO1408,6.916462649305555
EMO1409,7.447214473214285
EMO141,7.623664989247312
EMO1410,7.552126236607143
EMO1411,6.960842180555556
EMO1412,6.166944791666666
EMO1413,5.9830497734375
EMO1414,6.879749764322916
EMO1415,7.619868322115384
EMO1416,7.1690118515625
EMO1417,6.182223056547619
EMO1418,7.725966673611111
EMO1419,6.526847081845238
EMO142,7.2316219067581295
EMO1420,6.11352585
EMO1421,6.940784945075758
EMO1422,7.452348160714285
EMO1423,7.080209790178571
EMO1424,7.87744308203125
EMO1425,6.117835753472222
EMO1426,7.486640913194444
EMO1427,5.995627696428572
EMO1428,7.590078555288461
EMO1429,7.940558059523809
EMO143,7.444929012768817
EMO1430,7.355432268229166
EMO1431,8.215676390625
EMO1432,8.470154228125
EMO1433,7.0390876875
EMO1434,6.052728083333333
EMO1435,7.17128818844697
EMO1436,7.419119520833333
EMO1437,7.104713563446969
EMO1438,7.067405416666666
EMO1439,6.388822012152778
EMO144,5.8621062699652775
EMO1440,7.352722020870629
EMO1441,7.279253360613072
EMO1442,6.8824016282894735
EMO1443,6.5581009875
EMO1444,3.46286510127292
EMO1445,3.8003426032072367
EMO1446,3.1247682344787404
EMO1447,4.984153941241994
EMO1448,5.349069091447368
EMO1449,8.511479753421053
EMO145,7.160838877708334
EMO1450,4.91934230595238
EMO1451,7.857485806547619
EMO1452,7.702168337239583
EMO1453,7.611081529654493
EMO1454,3.760924680921052
EMO1455,3.2190085627741234
EMO1456,5.978521137896825
EMO1457,4.021713732142857
EMO1458,2.829891959703948
EMO1459,3.1171306638297134
EMO146,6.543839591746795
EMO1460,3.6033910958270674
EMO1461,5.520699107968786
EMO1462,3.00368580745614
EMO1463,2.2575990931551853
EMO1464,2.861734773026316
EMO1465,2.142176571393762
EMO1466,8.379261345914127
EMO1467,4.500579397347536
EMO1468,2.697969565713161
EMO1469,0.8533314443779905
EMO147,6.218919762820513
EMO1470,1.4488513375939849
EMO1471,6.537687651921471
EMO1472,5.789241519486216
EMO1473,6.577169761701128
EMO1474,4.953461921558704
EMO1475,7.233156333732057
EMO1476,4.933592853070175
EMO1477,9.229864030959751
EMO1478,8.615607207049486
EMO1479,8.29121113965311
EMO148,5.694304827083333
EMO1480,3.260599911020109
EMO1481,2.585467452631579
EMO1482,7.877648754186603
EMO1483,8.416739297286185
EMO1484,3.1617067212918664
EMO1485,4.261338317669172
EMO1486,4.567022384437657
EMO1487,2.54310184276664
EMO1488,3.154926420607072
EMO1489,2.7361720814940576
EMO149,5.709748708333334
EMO1490,7.027212506578947
EMO1491,6.890156917248478
EMO1492,3.78050671227175
EMO1493,7.698722271243585
EMO1494,2.363378838565163
EMO1495,5.355587202380953
EMO1496,3.96950910440875
EMO1497,2.568367099419745
EMO1498,5.565147705043859
EMO1499,8.793305453320801
EMO15,5.656924983370638
EMO150,6.529350520833334
EMO1500,7.677694051441104
EMO1501,7.040260215909091
EMO1502,8.204575652725563
EMO1503,6.723096837171052
EMO1504,3.597481580061264
EMO1505,7.413662253289473
EMO1506,6.916278840789473
EMO1507,3.316789842379386
EMO1508,4.258872225
EMO1509,3.8410063932095855
EMO151,6.071601399038461
EMO1510,3.8423382391395142
EMO1511,4.321370286654136
EMO1512,4.058740688074353
EMO1513,5.608127034025612
EMO1514,4.43317452834008
EMO1515,4.279573452485381
EMO1516,5.508197759241855
EMO1517,3.7624099422514616
EMO1518,5.50858070654762
EMO1519,5.592203142287538
EMO152,6.941170790570175
EMO1520,5.494621289786968
EMO1521,6.524070023026316
EMO1522,4.066667818760611
EMO1523,5.727700014619884
EMO1524,8.004170928947369
EMO1525,7.44202921125731
EMO1526,5.392234411299081
EMO1527,7.77165773145933
EMO1528,3.6483469004186606
EMO1529,5.528872072502685
EMO153,7.489221909855769
EMO1530,4.449033657894736
EMO1531,4.430872513157894
EMO1532,6.02742415625
EMO1533,4.350074206150457
EMO1534,6.720729447368421
EMO1535,5.881809573339598
EMO1536,6.169750301900584
EMO1537,6.607441203432689
EMO1538,6.755804203947368
EMO1539,5.656804641081871
EMO154,7.175997575980392
EMO1540,6.578489545806481
EMO1541,5.627843710705336
EMO1542,5.947779565883459
EMO1543,6.678286237691002
EMO1544,5.373727525
EMO1545,6.372787873433584
EMO1546,6.343780767857143
EMO1547,6.362813663565163
EMO1548,5.935352084351504
EMO1549,5.353127165812257
EMO155,6.737901098958333
EMO1550,6.944157584064327
EMO1551,6.417262358552631
EMO1552,6.036003601235231
EMO1553,6.63073957236842
EMO1554,4.844395010401002
EMO1555,5.512175472918407
EMO1556,6.705674137586614
EMO1557,6.8730693782894745
EMO1558,6.804405107411386
EMO1559,6.701891037213569
EMO156,6.244748117788462
EMO1560,5.900283166875521
EMO1561,5.543666095238096
EMO1562,6.093218834962406
EMO1563,5.200709427497314
EMO1564,5.681843865079365
EMO1565,5.569698832236842
EMO1566,6.452175716773552
EMO1567,4.552702154904306
EMO1568,5.658266890089808
EMO1569,3.611923572396902
EMO157,6.497894846590909
EMO1570,7.824675017801859
EMO1571,7.745900504832684
EMO1572,7.67310259382151
EMO1573,6.651852365037593
EMO1574,6.991983529621154
EMO1575,7.176834789736842
EMO1576,6.526311898391813
EMO1577,7.358037116916064
EMO1578,8.27294453
EMO1579,8.138864446710526
EMO158,7.429314774305555
EMO1580,7.546054887746711
EMO1581,3.6887426058114032
EMO1582,4.268042878563596
EMO1583,5.414126847222224
EMO1584,8.032804819598338
EMO1585,8.57451038580827
EMO1586,7.244805563815789
EMO1587,7.25337939943609
EMO1588,5.86736393991228
EMO1589,8.023867393327068
EMO159,7.012437686458333
EMO1590,8.066190454986149
EMO1591,7.594470793421052
EMO1592,7.299534267459514
EMO1593,5.360406077631578
EMO1594,6.084280426535087
EMO1595,6.0238443596491225
EMO1596,5.775994537593984
EMO1597,7.455470785220627
EMO1598,5.236913326388889
EMO1599,6.226905289115646
EMO16,6.574422160984849
EMO160,5.036951991666666
EMO1600,4.905192828070176
EMO1601,5.858367030427632
EMO1602,5.930184641148325
EMO1603,6.161253744736842
EMO1604,5.54709347368421
EMO1605,5.608061080931496
EMO1606,7.392233773716699
EMO1607,5.686436871710527
EMO1608,7.0063517636842105
EMO1609,5.441427334703949
EMO161,5.569690012500001
EMO1610,5.709838160087719
EMO1611,5.436632269736842
EMO1612,4.750849872807018
EMO1613,5.1797941868421065
EMO1614,6.056257440538846
EMO1615,4.319460570175439
EMO1616,5.106416235902255
EMO1617,5.927926863636365
EMO1618,7.278567423519737
EMO1619,4.528617694078948
EMO162,6,389
EMO1620,8.624802210526315
EMO1621,5.800808406755526
EMO1622,4.508904496411483
EMO1623,5.570364437134503
EMO1624,5.584165614583333
EMO1625,6.384133736336032
EMO1626,5.997952156015037
EMO1627,6.533584679425839
EMO1628,5.860032950657894
EMO1629,5.81186682509846
EMO163,6.533715694444444
EMO1630,7.111847724436091
EMO1631,8.718172427244582
EMO1632,5.64641909039961
EMO1633,6.209172909356727
EMO1634,7.144616615131579
EMO1635,5.228842518421052
EMO1636,5.557550426169591
EMO1637,6.303262134320176
EMO1638,6.376137541021673
EMO1639,6.887121032651073
EMO164,7.1712196979166665
EMO1640,5.950711329215897
EMO1641,6.421882025950292
EMO1642,9.15886376255981
EMO1643,5.737953649171541
EMO1644,6.19226543460925
EMO1645,5.985415667763159
EMO1646,6.063857537071847
EMO1647,6.261525582132413
EMO1648,6.714557146929825
EMO1649,5.708519939849625
EMO165,6.524060015151515
EMO1650,5.914399907894736
EMO1651,6.185346040669856
EMO1652,6.808200052631579
EMO1653,6.576930546007876
EMO1654,6.596852802432216
EMO1655,5.963439187865497
EMO1656,6.899731877192982
EMO1657,6.634135702153111
EMO1658,7.737488874314693
EMO1659,7.496436650082237
EMO166,7.251633838963964
EMO1660,5.3566259711538455
EMO1661,6.1404961717105255
EMO1662,5.1226458638784464
EMO1663,6.75264837159864
EMO1664,5.484349958333334
EMO1665,7.376216860678482
EMO1666,6.24903384807371
EMO1667,6.059172030016447
EMO1668,5.680791756578948
EMO1669,6.617734337803643
EMO167,7.280729463541666
EMO1670,6.9889659456229865
EMO1671,6.051581803571429
EMO1672,5.214928529736842
EMO1673,5.791573001879699
EMO1674,5.018566895410402
EMO1675,4.725196497276846
EMO1676,3.8926663329417295
EMO1677,3.5837058520955165
EMO1678,5.554830727631579
EMO1679,5.960143471141088
EMO168,6.861549295558608
EMO1680,5.188864508223683
EMO1681,6.094990923519736
EMO1682,5.522470755064745
EMO1683,5.28092950354251
EMO1684,4.411665001096491
EMO1685,5.414522119195047
EMO1686,6.71374814638158
EMO1687,6.070300324191159
EMO1688,5.400241110001566
EMO1689,4.45699317033208
EMO169,5.876522859375
EMO1690,5.488783860745614
EMO1691,5.549366060219994
EMO1692,3.776765041949632
EMO1693,5.836879639261845
EMO1694,5.730154319414607
EMO1695,7.477011095201239
EMO1696,6.631589059473684
EMO1697,4.505036541578948
EMO1698,5.698738761855297
EMO1699,4.954801773923445
EMO17,5.937335094696969
EMO170,7.117513906666667
EMO1700,6.085722439473685
EMO1701,5.844362729871556
EMO1702,6.157406039245842
EMO1703,6.4098134133945965
EMO1704,7.010179215027701
EMO1705,7.69913978146453
EMO1706,6.288917112719297
EMO1707,7.864180748355263
EMO1708,7.516261087545253
EMO1709,7.734371546679199
EMO171,6.8488447145833335
EMO1710,7.675747976544623
EMO1711,6.915724867346938
EMO1712,4.788274028195489
EMO1713,6.922194633513932
EMO1714,5.982207091557018
EMO1715,7.408413849095395
EMO1716,6.70646614736842
EMO1717,6.522452676900585
EMO1718,6.443995572612086
EMO1719,6.547580016085888
EMO172,6.3268040581597225
EMO1720,6.056659368381893
EMO1721,6.6888687800975655
EMO1722,7.71321380114601
EMO1723,6.990852877288329
EMO1724,7.9103521875
EMO1725,6.082487133900928
EMO1726,6.396213658553938
EMO1727,6.617818201127819
EMO1728,7.112783484962407
EMO1729,7.505239470942982
EMO173,6.41226209375
EMO1730,6.010698955827068
EMO1731,5.176373905730236
EMO1732,4.964619195057957
EMO1733,7.1965079786184205
EMO1734,6.524952278508772
EMO1735,5.6497370450779725
EMO1736,7.472730179583298
EMO1737,7.752740609119782
EMO1738,5.912771361842106
EMO1739,5.929434094635627
EMO174,5.773564838541667
EMO1740,5.894780626378446
EMO1741,4.805748178947368
EMO1742,6.162799607894737
EMO1743,4.679314184119153
EMO1744,6.032071201480263
EMO1745,6.911203167464115
EMO1746,7.541428318609022
EMO1747,6.52673650493421
EMO1748,6.906001521052631
EMO1749,7.283711740430621
EMO175,5.1131113125
EMO1750,5.217566589285714
EMO1751,4.780021368421052
EMO1752,5.612561660287081
EMO1753,5.745203603801169
EMO1754,6.294111227167183
EMO1755,5.824156256265664
EMO1756,5.34182209690894
EMO1757,4.360561113157894
EMO1758,7.185715965311005
EMO1759,6.4108490625000005
EMO176,6.273518257440476
EMO1760,5.424889697838346
EMO1761,6.377591070488722
EMO1762,5.365658229166667
EMO1763,6.390508482105263
EMO1764,5.919998049937343
EMO1765,6.332392716447369
EMO1766,6.3878249210526326
EMO1767,8.695964188667233
EMO1768,6.624396008753501
EMO1769,7.422021991423872
EMO177,7.821938440972223
EMO1770,8.122010553524436
EMO1771,5.642703804093568
EMO1772,5.620023709064328
EMO1773,6.367920559132206
EMO1774,6.346641895467836
EMO1775,5.166570528743734
EMO1776,6.596864358568296
EMO1777,6.42000196209273
EMO1778,7.755115970567867
EMO1779,7.07104546619525
EMO178,6.920063083333333
EMO1780,6.170787900093985
EMO1781,7.003166022267206
EMO1782,6.759778287280702
EMO1783,7.528126503759398
EMO1784,8.378864038461538
EMO1785,6.642679713267542
EMO1786,5.723789884320176
EMO1787,5.478936496553886
EMO1788,5.535419854166667
EMO1789,6.910175753730919
EMO179,6.278891085069445
EMO1790,6.929426954521721
EMO1791,5.963480382295025
EMO1792,6.0316122708333335
EMO1793,6.433784538277512
EMO1794,5.364782988662132
EMO1795,5.395212338541667
EMO1796,5.36865976953125
EMO1797,5.157241357954546
EMO1798,5.434800366666667
EMO1799,5.5891907
EMO18,6.430479887609649
EMO180,6.791836491319445
EMO1800,5.374369354166666
EMO1801,5.359654106770833
EMO1802,5.59173934201389
EMO1803,5.339680880208333
EMO1804,6.0601527265625
EMO1805,6.7890632760416665
EMO1806,6.197787848958333
EMO1807,6.013822992424243
EMO1808,6.07833403125
EMO1809,6.175668932692307
EMO181,6.545940824652778
EMO1810,5.4973561796875
EMO1811,5.428387078125
EMO1812,5.8723060195312495
EMO1813,6.0210195
EMO1814,6.598840609375
EMO1815,5.5749656071428575
EMO1816,6.4921193625
EMO1817,5.265780319444444
EMO1818,7.286807509645062
EMO1819,5.69619993125
EMO182,6.4822660078125
EMO1820,6.146885321428572
EMO1821,5.935498163690476
EMO1822,5.29966153125
EMO1823,5.792273998958334
EMO1824,5.21454031875
EMO1825,5.347413065972222
EMO1826,5.407095328125
EMO1827,5.901296978298611
EMO1828,6.3965249375
EMO1829,6.165495065972222
EMO183,7.40939067125
EMO1830,6.372954004166667
EMO1831,5.924117194444444
EMO1832,6.511237814236111
EMO1833,6.100221505208333
EMO1834,5.983346316964286
EMO1835,6.375208635416667
EMO1836,5.498261354166667
EMO1837,5.4426639375
EMO1838,5.44457809375
EMO1839,5.3878571875
EMO184,6.5665289375
EMO1840,7.058396758522727
EMO1841,6.48165589453125
EMO1842,6.740252839583333
EMO1843,6.919603263333333
EMO1844,6.929173449074074
EMO1845,6.106192350160256
EMO1846,6.252401413541667
EMO1847,5.964364946527778
EMO1848,6.773406641666667
EMO1849,6.172159088541667
EMO185,7.068817805208333
EMO1850,7.331247753472222
EMO1851,6.561121783143939
EMO1852,7.45467169972826
EMO1853,6.80429275625
EMO1854,7.539637852083334
EMO1855,7.318363407738095
EMO1856,7.244914475694444
EMO1857,6.356778534226191
EMO1858,6.908289680921053
EMO1859,6.217770684027777
EMO186,7.918151340909091
EMO1860,6.486599006944444
EMO1861,6.574008390782828
EMO1862,6.3957155694444445
EMO1863,6.013631164650538
EMO1865,6.424776447916667
EMO1866,6.820029143055556
EMO1867,6.9009218854166665
EMO1868,8.290358056752874
EMO1869,7.467753021505376
EMO187,6.8733650859375
EMO1870,6.921448127232143
EMO1871,8.116386626554727
EMO1872,7.778466849609375
EMO1873,5.18569496875
EMO1874,7.850976276041667
EMO1875,8.694207981150793
EMO1876,8.727979758680556
EMO1877,8.352054191964285
EMO1878,7.365079092708333
EMO1879,7.908068016544117
EMO188,6.6490319140625
EMO1880,9.064032191319445
EMO1881,8.724930614049144
EMO1882,7.659574167534722
EMO1883,7.6642198125
EMO1884,7.148696180555556
EMO1885,5.434525195833333
EMO1886,7.936758913318452
EMO1887,7.439722717757936
EMO1888,7.615296815340909
EMO1889,7.906523931034483
EMO189,6.393962163377193
EMO1890,8.057768694078947
EMO1891,8.0137409875
EMO1892,8.324595141025641
EMO1893,8.554954715625
EMO1894,8.391974828125
EMO1895,8.220003888432018
EMO1896,6.965716176136364
EMO1897,8.326236019965277
EMO1898,8.677195013573233
EMO1899,7.108054369791667
EMO19,5.839909697916666
EMO190,5.70788003125
EMO1900,7.883455189692983
EMO1901,8.311228689732143
EMO1902,7.299315688301282
EMO1903,8.604431427083334
EMO1904,8.316255867788461
EMO1905,7.67789446875
EMO1906,8.448832194444444
EMO1907,6.088720729166667
EMO1908,7.990831895486111
EMO1909,8.386816053530092
EMO191,5.1580758515625
EMO1910,8.773191477941177
EMO1911,7.432951773809524
EMO1912,8.76973830334596
EMO1913,8.55929034185606
EMO1914,8.049588708333333
EMO1915,8.212462992857143
EMO1916,8.273574791666666
EMO1917,8.124448344827586
EMO1918,6.341471668154762
EMO1919,7.742087160618279
EMO192,6.472819700231481
EMO1920,7.2644860921875
EMO1921,9.22240921143617
EMO1922,8.974213835304054
EMO1923,8.06994937228261
EMO1924,7.628477024305555
EMO1925,8.235288157051283
EMO1926,7.96176534375
EMO1927,7.135591253125
EMO1928,9.058584575657894
EMO1929,6.011911402777778
EMO193,5.097543291666667
EMO1930,9.069233175438596
EMO1931,8.938933937127976
EMO1932,8.711595169384058
EMO1933,8.047903759821429
EMO1934,8.021563449404763
EMO1935,8.741505162760417
EMO1936,8.826583860294118
EMO1937,8.198865163194444
EMO1938,8.842503745967742
EMO1939,8.787019098484848
EMO194,6.237318753472222
EMO1940,8.321745601325757
EMO1941,6.946857269379845
EMO1942,6.979707163888889
EMO1943,7.382075981770833
EMO1944,7.8072271056547615
EMO1945,8.042738572916667
EMO1946,6.856043466145834
EMO1947,8.107178827205882
EMO1948,7.585710913995727
EMO1949,7.205056871527778
EMO195,5.961492070833334
EMO1950,7.745736675080128
EMO1951,6.409918524801587
EMO1952,8.8974380921875
EMO1953,8.557869870535715
EMO1954,8.198243731884057
EMO1955,8.299876504319105
EMO1956,7.860065075520834
EMO1957,7.616853264136905
EMO1958,7.8405467586805555
EMO1959,7.752882822916667
EMO196,6.122075
EMO1960,7.093519065972222
EMO1961,7.531856572916666
EMO1962,6.3088033333333335
EMO1963,7.492596838541667
EMO1964,7.741780822303921
EMO1965,7.048374689311594
EMO1966,7.219294990591398
EMO1967,7.262328254669541
EMO1968,7.620975675595238
EMO1969,7.450036358455883
EMO197,6.409492303030303
EMO1970,7.980459982638889
EMO1971,6.5889834375000005
EMO1972,7.822686776939655
EMO1973,7.510026101715686
EMO1974,7.9256898046875
EMO1975,7.39662368595679
EMO1976,6.881480355603448
EMO1977,6.42109674375
EMO1978,7.756784645474138
EMO1979,7.713244230113636
EMO198,6.1705840895833335
EMO1980,6.98502509875
EMO1981,7.472726558333333
EMO1982,7.568103992621528
EMO1983,7.153304961805556
EMO1984,8.421574726089014
EMO1985,7.655991909722222
EMO1986,6.983527970833333
EMO1987,7.062296017156863
EMO1988,8.010787446469907
EMO1989,8.550973544537019
EMO199,6.855562969907408
EMO1990,7.568672740430623
EMO1991,7.141443281343239
EMO1992,6.5502408049342105
EMO1993,7.547554356055068
EMO1994,9.245446301950528
EMO1995,6.199890957289056
EMO1996,7.495708634210526
EMO1997,7.362314268914474
EMO1998,6.799348913916735
EMO1999,6.620249559210527
EMO2,3.4369701324404764
EMO20,5.355042303472223
EMO200,4.67480203370098
EMO2000,7.430763791007123
EMO2001,6.893372608552632
EMO2002,7.567013581224696
EMO2003,8.176339876959686
EMO2004,7.00122677282492
EMO2005,7.254700215970962
EMO2006,6.698720477913534
EMO2007,7.384464935376637
EMO2008,7.4087500222039475
EMO2009,6.500347410773026
EMO201,5.782156020833334
EMO2010,7.389753218091184
EMO2011,7.245620928101503
EMO2012,6.896968032071846
EMO2013,7.468053223135965
EMO2014,5.8335810988408525
EMO2015,6.168166453349283
EMO2016,6.454008355769231
EMO2017,7.142623203116488
EMO2018,6.9386675360110805
EMO2019,6.314517133458647
EMO202,6.208710473958333
EMO2020,7.80860783030853
EMO2021,7.314709134558401
EMO2022,7.372494796258223
EMO2023,6.575300343515037
EMO2024,7.037344185197369
EMO2025,6.72037271698343
EMO2026,7.023742788380265
EMO2027,7.377881976867572
EMO2028,6.309245535714286
EMO2029,7.155170131864989
EMO203,6.728399710227272
EMO2030,6.68152187424089
EMO2031,6.693234209703948
EMO2032,7.379617211143092
EMO2033,7.425507267481203
EMO2034,7.64545616310307
EMO2035,6.626550870394737
EMO2036,6.73673117612782
EMO2037,7.49785547368421
EMO2038,7.52289325130133
EMO2039,6.650770065789474
EMO204,6.162800803571429
EMO2040,5.199129507901699
EMO2041,6.561246590574996
EMO2042,6.731870418764302
EMO2043,7.264855481650555
EMO2044,6.321850273496241
EMO2045,4.111122076315789
EMO2046,5.407595596659058
EMO2047,5.97264936001462
EMO2048,4.534806403318078
EMO2049,7.02540992962876
EMO205,7.387423151041666
EMO2050,6.830493649227235
EMO2051,5.897861884502924
EMO2052,6.965348643421053
EMO2053,5.913066853070175
EMO2054,6.1298515100114415
EMO2055,5.516239650845865
EMO2056,6.672841916408669
EMO2057,6.897206328947369
EMO2058,6.405096942724458
EMO2059,6.070032877770084
EMO206,7.067319504861111
EMO2060,5.98080060493421
EMO2061,7.43275975777334
EMO2062,7.438064594533208
EMO2063,6.571234342609998
EMO2064,6.760233290001624
EMO2065,6.375031403508772
EMO2066,7.600490738633932
EMO2067,6.758307397267206
EMO2068,7.14796957639469
EMO2069,6.669213157894737
EMO207,6.106303733072917
EMO2070,6.481818220864661
EMO2071,6.832878041267942
EMO2072,7.0727201743421055
EMO2073,7.456388346217105
EMO2074,7.838185185179519
EMO2075,6.557183478618421
EMO2076,5.780484342105264
EMO2077,5.704062495888158
EMO2078,5.810172085526316
EMO2079,6.344590954678362
EMO208,5.982577484375
EMO2080,7.064430361455108
EMO2081,7.523815034629256
EMO2082,6.668270549535603
EMO2083,7.664104655739727
EMO2084,7.005042701632554
EMO2085,6.956673999477861
EMO2086,5.696510205741627
EMO2087,5.690334229824561
EMO2088,6.186668146052632
EMO2089,6.0395218640350885
EMO209,7.472753161458334
EMO2090,6.109359774853801
EMO2091,6.917101938273994
EMO2092,6.791867151552493
EMO2093,5.745914106085526
EMO2094,7.830308760830649
EMO2095,7.120346871416823
EMO2096,7.210143850657895
EMO2097,6.434949640507519
EMO2098,6.331451820850202
EMO2099,7.486595246842106
EMO21,5.903353210069445
EMO210,4.46027203125
EMO2100,7.062943108381072
EMO2101,6.975816628869969
EMO2102,5.86141802138158
EMO2103,6.06155791374269
EMO2104,6.39216953340081
EMO2105,6.65323746976136
EMO2106,6.9705891381578935
EMO2107,6.874603459390664
EMO2108,6.776571418421053
EMO2109,5.726679877923975
EMO211,6.173341950520833
EMO2110,6.980088702478418
EMO2111,7.221428272902651
EMO2112,6.162359928571428
EMO2113,7.496980862719298
EMO2114,6.3118311839599
EMO2115,5.835752502819548
EMO2116,6.640182034210526
EMO2117,8.342675953042328
EMO2118,5.854768515306123
EMO2119,7.711307695473804
EMO212,6.472679179166667
EMO2120,6.1782354935164
EMO2121,6.715298792649728
EMO2122,5.531074427579365
EMO2123,5.98308760952381
EMO2124,5.816943706140353
EMO2125,7.589571442007797
EMO2126,6.887656631022
EMO2127,7.148350032548477
EMO2128,8.697036365079365
EMO2129,7.483694693353755
EMO213,6.339470680759804
EMO2130,6.6778554095394735
EMO2131,7.1746070185032895
EMO2132,7.344794694131161
EMO2133,7.919744566871047
EMO2134,6.254730227286967
EMO2135,7.646336800190131
EMO2136,6.281285529100529
EMO2137,6.327254546897547
EMO2138,6.53365179989035
EMO2139,8.4763411625
EMO214,5.965409734775641
EMO2140,6.32002760839599
EMO2141,6.9924608932748535
EMO2142,6.541146231950067
EMO2143,6.958702759674923
EMO2144,6.5801996633771935
EMO2145,6.409092894078948
EMO2146,6.373898088278295
EMO2147,6.852847569862155
EMO2148,7.766881474078947
EMO2149,6.467713268662728
EMO215,5.659873055555556
EMO2150,7.531119794172933
EMO2151,6.679903029135338
EMO2152,7.329547030487805
EMO2153,6.885366521381579
EMO2154,6.619450495544417
EMO2155,6.141434788875598
EMO2156,6.735017389149959
EMO2157,6.546888102631579
EMO2158,6.38026429868421
EMO2159,7.230753825706845
EMO216,6.366491827380952
EMO2160,6.491031324585503
EMO2161,7.352019230639098
EMO2162,6.999939101151316
EMO2163,6.835189468723893
EMO2164,7.0586374243421055
EMO2165,7.816139693838254
EMO2166,6.580829816450849
EMO2167,7.091547280284043
EMO2168,7.0673462934210525
EMO2169,6.8472733505116965
EMO217,5.510227902777777
EMO2170,7.302070650928793
EMO2171,7.85145617461328
EMO2172,8.193963966447368
EMO2173,7.0561194116300365
EMO2174,7.7052488084461155
EMO2175,7.301284122823505
EMO2176,7.1710809612225
EMO2177,7.526177533037138
EMO2178,6.809377607205514
EMO2179,5.924781084210526
EMO218,6.5140396256510416
EMO2180,7.658570381396199
EMO2181,7.652067665991902
EMO2182,7.429872813747732
EMO2183,6.350358384046053
EMO2184,7.456489437236842
EMO2185,7.5517493346143825
EMO2186,7.8251058170194
EMO2187,5.493122375
EMO2188,6.944795687799044
EMO2189,6.836690607205514
EMO219,6.322960605324075
EMO2190,6.234090898026315
EMO2191,5.880425838241438
EMO2192,7.489258777108211
EMO2193,7.205009517909357
EMO2194,8.177143518055557
EMO2195,5.962181352130325
EMO2196,7.460388223634745
EMO2197,7.043915751620122
EMO2198,5.59385317763158
EMO2199,6.029026856578948
EMO22,7.137302365046296
EMO220,5.773536720052084
EMO2200,7.054922836638472
EMO2201,7.04248076209497
EMO2202,5.965387500031329
EMO2203,7.5266399776123
EMO2204,6.284703919534413
EMO2205,9.14597742583732
EMO2206,7.357453399599542
EMO2207,5.5448661701127815
EMO2208,6.946459018421053
EMO2209,7.321250100511696
EMO221,5.96687552662037
EMO2210,8.082494631464078
EMO2211,6.647078519319131
EMO2212,7.160596492257429
EMO2213,7.320639736079329
EMO2214,6.950361922987616
EMO2215,7.980416595551378
EMO2216,7.054808351033834
EMO2217,8.7857848984375
EMO2218,6.738044992543859
EMO2219,7.206224504426828
EMO222,5.732251677083333
EMO2220,8.323422885835912
EMO2221,5.119346204887218
EMO2222,5.378102188961988
EMO2223,7.597767533425578
EMO2224,7.700349535858878
EMO2225,6.399927361842105
EMO2226,7.649615043546366
EMO2227,6.738037399720893
EMO2228,9.063196574445984
EMO2229,8.300438719859288
EMO223,7.520284417467948
EMO2230,8.495961518980533
EMO2231,6.13810438861358
EMO2232,7.010920357187612
EMO2233,7.811210563995216
EMO2234,5.80499933863304
EMO2235,7.208616755372227
EMO2236,6.858242518762182
EMO2237,7.274885325648304
EMO2238,7.431653130046864
EMO2239,9.39744683859649
EMO224,6.412446959722222
EMO2240,7.230129027008311
EMO2241,6.244943224030471
EMO2242,8.975937778425845
EMO2243,7.512315589473684
EMO2244,6.857345948165869
EMO2245,5.85106627903091
EMO2246,7.576751873452013
EMO2247,7.720376266966759
EMO2248,7.321305381822612
EMO2249,5.651632311004785
EMO225,7.393762386513158
EMO2250,8.53282725
EMO2251,7.34055098382003
EMO2252,6.379040778782895
EMO2253,6.116389356314895
EMO2254,6.002350324013158
EMO2255,6.640342317105263
EMO2256,6.9278894508406434
EMO2257,7.558576354282445
EMO2258,8.70172471153846
EMO2259,9.068556108851675
EMO226,7.561129445402299
EMO2260,8.5449253125
EMO2261,9.427324525438596
EMO2262,8.902218435855263
EMO2263,8.26384706325911
EMO2264,7.244193973484849
EMO2265,7.215474895676692
EMO2266,8.324705252662907
EMO2267,6.64853226890142
EMO2268,6.536858628474596
EMO2269,7.236092245474798
EMO227,7.859685011408731
EMO2270,5.508400753320802
EMO2271,6.481633042105264
EMO2272,5.711649661393066
EMO2273,5.9230855
EMO2274,7.683466235608552
EMO2275,7.098255869921514
EMO2276,7.908361329397211
EMO2277,6.24489860510025
EMO2278,7.510868775313283
EMO2279,7.236107035831767
EMO228,7.690774183159722
EMO2280,6.980523249990506
EMO2281,5.51556034375
EMO2282,6.359950364224956
EMO2283,7.059386625020212
EMO2284,6.983872175064184
EMO2285,7.100499294622425
EMO2286,6.372918476973685
EMO2287,6.63378610874613
EMO2288,8.008995041989165
EMO2289,7.739116320056899
EMO229,7.5028908625
EMO2290,7.797329411368003
EMO2291,7.138967053137653
EMO2292,7.301113012061403
EMO2293,8.074505513498659
EMO2294,8.028896889762516
EMO2295,7.438909309191345
EMO2296,7.494580058279379
EMO2297,7.753206588287684
EMO2298,7.453771407894737
EMO2299,8.045845992216652
EMO23,6.588231234217171
EMO230,7.571538698985043
EMO2300,6.323023938365651
EMO2301,6.366049958333333
EMO2302,7.36317174683102
EMO2303,7.166397971256266
EMO2304,8.254980303552632
EMO2305,7.04760985839599
EMO2306,7.848184400140978
EMO2307,6.505781150303644
EMO2308,5.958664798167294
EMO2309,7.277190691729324
EMO231,7.150774808035714
EMO2310,6.301971209447229
EMO2311,6.51811832715311
EMO2312,8.562260247678019
EMO2313,6.331750803795202
EMO2314,8.585179473053703
EMO2315,6.988860579037873
EMO2316,6.5705955917635
EMO2317,7.48518268278032
EMO2318,6.897450092587237
EMO2319,7.328691865263158
EMO232,6.225175611979166
EMO2320,7.29558503870987
EMO2321,6.836947379984051
EMO2322,6.01980791991698
EMO2323,7.084767821369088
EMO2324,7.144719152631579
EMO2325,7.015787254143423
EMO2326,7.281967623520007
EMO2327,7.642217258097166
EMO2328,6.655085550469925
EMO2329,6.256637129923023
EMO233,5.833732595486112
EMO2330,7.372752813230994
EMO2331,6.862302815205628
EMO2332,7.004817039473685
EMO2333,6.091477296558705
EMO2334,6.572074477078113
EMO2335,7.463662925303679
EMO2336,6.989303538932559
EMO2337,6.783169031907895
EMO2338,6.126768996710527
EMO2339,5.808480907598859
EMO234,6.7059485078125
EMO2340,6.336888282928233
EMO2341,6.70113018659931
EMO2342,7.13843733008157
EMO2343,6.670567471888053
EMO2344,6.42281929246728
EMO2345,6.317400285714286
EMO2346,6.078262067669173
EMO2347,5.892347716948621
EMO2348,6.411479629010024
EMO2349,5.821400657372596
EMO235,5.3707880125
EMO2350,6.705619191144528
EMO2351,6.677960338217703
EMO2352,6.167552209774436
EMO2353,7.04631880530493
EMO2354,6.332891884868421
EMO2355,7.0153359314692985
EMO2356,6.711266304908103
EMO2357,6.566461290248648
EMO2358,5.743015905451128
EMO2359,6.481967773785425
EMO236,6.462455655303031
EMO2360,6.466925152568924
EMO2361,7.41533331343985
EMO2362,7.113953520956997
EMO2363,6.187503130504833
EMO2364,6.876679967470761
EMO2365,7.326646785067288
EMO2366,6.027191080143541
EMO2367,6.541350114766082
EMO2368,7.376392231407323
EMO2369,7.295672055304277
EMO237,6.635006121527778
EMO2370,6.900813351315789
EMO2371,6.758974861019737
EMO2372,6.595388454918546
EMO2373,5.975711821929824
EMO2374,7.536886078947369
EMO2375,6.672433450050565
EMO2376,7.624605823028554
EMO2377,7.579149011243386
EMO2378,6.141784623746868
EMO2379,7.0487432672902495
EMO238,7.160052581597222
EMO2380,6.911377907372598
EMO2381,5.8168775852130326
EMO2382,5.944385763157894
EMO2383,7.841687686159844
EMO2384,7.642906409690894
EMO2385,7.147287237639554
EMO2386,7.001492173909475
EMO2387,6.559130871021303
EMO2388,6.731131814967107
EMO2389,6.961108590681248
EMO239,5.799309208333334
EMO2390,7.456042143914474
EMO2391,6.400784809814716
EMO2392,5.940625718170426
EMO2393,6.95423153117849
EMO2394,5.653305420802004
EMO2395,7.061817885121458
EMO2396,6.935253851393189
EMO2397,6.26016593486842
EMO2398,6.799912792351973
EMO2399,7.101034029605263
EMO24,6.871759827205882
EMO240,6.187186131628788
EMO2400,7.587971987544291
EMO2401,6.729425566251154
EMO2402,7.55022326005117
EMO2403,7.193116152777778
EMO2404,7.41500831635908
EMO2405,7.265396284016728
EMO2406,7.386492281181517
EMO2407,6.216390692599553
EMO2408,7.400827337489557
EMO2409,6.121200484544693
EMO241,5.735809083333334
EMO2410,7.317429072202563
EMO2411,6.765249557330827
EMO2412,7.576568725651403
EMO2413,6.169961104532163
EMO2414,5.262125706845238
EMO2416,7.374206597368419
EMO2417,6.982049203007519
EMO2418,6.302566718114732
EMO2419,7.1970213873746856
EMO242,5.910382315972222
EMO2420,7.277094756167764
EMO2421,6.344555297286185
EMO2422,5.638063339285715
EMO2423,6.257392189014204
EMO2424,6.450285721709577
EMO2425,7.355756272431078
EMO2426,6.4687215408610825
EMO2427,6.797978512962093
EMO2428,8.574994805516148
EMO2429,9.469444082835514
EMO243,6.7886699628906255
EMO2430,7.245318591008772
EMO2431,6.831059372076023
EMO2432,7.28619465093985
EMO2433,7.265379116564559
EMO2434,6.552187357769423
EMO2435,6.208017347878625
EMO2436,7.3884726755012515
EMO2437,6.818569727840434
EMO2438,6.998225233187134
EMO2439,7.611849908511513
EMO244,4.58540516875
EMO2440,6.345512943452381
EMO2441,7.848557637506757
EMO2442,6.210996671052631
EMO2443,7.638580438467492
EMO2444,6.582123312298604
EMO2445,6.9823101625
EMO2446,7.990520576754386
EMO2447,7.53546824122807
EMO2448,7.3772784061269245
EMO2449,7.456301893394201
EMO245,5.7807969375
EMO2450,6.936149771255061
EMO2451,6.883116136081207
EMO2452,7.94274546779057
EMO2453,6.431123528708135
EMO2454,7.440790121279761
EMO2455,6.463055566729323
EMO2456,8.271826209451048
EMO2457,8.346504243988203
EMO2458,6.695852483552631
EMO2459,5.840946479166666
EMO246,6.886375575
EMO2460,7.915387616776316
EMO2461,7.94399660106383
EMO2462,7.150418247395834
EMO2463,7.752616559129902
EMO2464,6.3787042159090905
EMO2465,6.879290796875
EMO2466,7.925964122685185
EMO2467,6.818362018518519
EMO2468,5.99822318287037
EMO2469,6.34347746875
EMO247,5.713767475
EMO2470,6.54354365625
EMO2471,6.37138915625
EMO2472,6.63770917578125
EMO2473,6.038743520833333
EMO2474,7.0854879041666665
EMO2475,6.6884054427083335
EMO2476,6.706429114583333
EMO2477,7.251524604166667
EMO2478,6.511285304924242
EMO2479,6.843745109375
EMO248,6.74638831875
EMO2480,7.006132386363636
EMO2481,6.66349297265625
EMO2482,5.681635354166667
EMO2483,7.4569291875
EMO2484,6.097556583333334
EMO2485,5.973999131944445
EMO2486,6.901614114035088
EMO2487,7.334746408653846
EMO2488,6.628673045454545
EMO2489,5.8307423625
EMO249,6.309112811631945
EMO2490,7.033181057598039
EMO2491,6.7574219661458335
EMO2492,6.189930996527777
EMO2493,5.639144883333333
EMO2494,7.787997639008621
EMO2495,7.613773198214286
EMO2496,7.944395854271885
EMO2497,7.441565923611111
EMO2498,6.31491125
EMO2499,7.194115344318182
EMO25,6.371450838222789
EMO250,5.839427070684524
EMO2500,6.938697378205128
EMO2501,7.521905216346154
EMO2502,6.783397242559524
EMO2503,8.321212633285985
EMO2504,7.253478860416667
EMO2505,6.840803856770833
EMO2506,6.254650779761905
EMO2507,7.882505638586957
EMO2508,7.3401823125
EMO2509,7.392278294642857
EMO251,6.655290715277777
EMO2510,6.932657027777778
EMO2511,7.632816530048077
EMO2512,6.911778897321429
EMO2513,6.1942628125
EMO2514,7.675379757994186
EMO2515,6.104063544117647
EMO2516,5.52161845
EMO2517,7.2796418125
EMO2518,6.329689201388889
EMO2519,6.8049183125
EMO252,6.348759983723959
EMO2520,7.219312619674185
EMO2521,8.000805451388889
EMO2522,8.157512665632952
EMO2523,6.035845285714286
EMO2524,7.372068165039063
EMO2525,6.394248163773148
EMO2526,6.363952953125
EMO2527,6.527619598039216
EMO2528,6.831137343098958
EMO2529,6.988793176801802
EMO253,6.773484946180556
EMO2530,7.541453544642858
EMO2531,7.659310072720125
EMO2532,6.976361368055556
EMO2533,6.788539701388889
EMO2534,5.710248721726191
EMO2535,6.53575678587963
EMO2536,6.201937216666667
EMO2537,7.110034955439815
EMO2538,6.149587256944444
EMO2539,6.893870125
EMO254,6.658955540589081
EMO2540,6.611664122807017
EMO2541,7.030278587409421
EMO2542,8.246484641493055
EMO2543,7.019777553819444
EMO2544,6.666212095982143
EMO2545,6.376700359375
EMO2546,6.938278260416666
EMO2548,7.4378188984375
EMO2549,7.276325589583333
EMO255,6.0261877578125
EMO2550,6.407707364583334
EMO2551,6.849323691789216
EMO2552,6.597389392361111
EMO2553,6.6142207115384615
EMO2554,6.717795509375
EMO2555,6.32494494186828
EMO2556,6.907022965073529
EMO2557,7.469306870598592
EMO2558,6.7253171145833335
EMO2559,6.337950116898148
EMO256,6.669319425595238
EMO2560,6.996862904166667
EMO2561,6.410591659722222
EMO2562,8.228259611037235
EMO2563,7.370416264690171
EMO2564,7.022352034722222
EMO2565,6.320592202724359
EMO2566,7.137352838888889
EMO2567,7.028033889880953
EMO2568,6.886448233072917
EMO2569,7.994127367134354
EMO257,6.102983223958333
EMO2570,7.2664520664062495
EMO2571,6.48562125
EMO2572,5.8433688
EMO2573,6.513588181818182
EMO2574,7.028972133413462
EMO2575,6.542913946924603
EMO2576,7.854277706300813
EMO2577,6.971190633333333
EMO2578,7.328408355345912
EMO2579,6.490937872685185
EMO258,6.846101918560606
EMO2580,6.861832694746377
EMO2581,7.5384924221014495
EMO2582,6.699360608217592
EMO2583,6.67600285625
EMO2584,6.8836461473214285
EMO2585,6.732483223684211
EMO2586,6.612731138671875
EMO2587,6.902966724537037
EMO2588,6.536473299679487
EMO2589,5.710969265625
EMO259,6.468085625694444
EMO2590,6.801292664402174
EMO2591,6.030662378472222
EMO2592,6.356850611111111
EMO2593,7.206432320754717
EMO2594,7.447896555031447
EMO2595,6.035432685096154
EMO2596,8.400311633796296
EMO2597,6.2545301875
EMO2598,6.492110771875
EMO2599,6.885293396498227
EMO26,6.115667104166667
EMO260,7.293893197569444
EMO2600,7.138
EMO2601,6.366902382440476
EMO2602,7.250181131377551
EMO2603,6.915518682638889
EMO2604,6.950883940321181
EMO2605,6.952336567129629
EMO2606,6.926622650735294
EMO2607,6.408833534722223
EMO2608,6.853372008223684
EMO2609,6.879167845394737
EMO261,7.538132120442708
EMO2610,7.134190732514881
EMO2611,6.834690630208334
EMO2612,6.26377175
EMO2613,6.19292307421875
EMO2614,7.088558144736842
EMO2615,7.068871347222222
EMO2616,7.337916475543478
EMO2617,7.3624634618055556
EMO2618,6.497783703125
EMO2619,7.005650314429013
EMO262,6.21240618995098
EMO2620,6.73581097265625
EMO2621,7.2275
EMO2622,6.827247600490196
EMO2623,6.235123917824074
EMO2624,7.31745962920168
EMO2625,7.329947962635869
EMO2626,6.559032358695652
EMO2627,7.04102491875
EMO2628,6.191248496875
EMO2629,6.358290371212121
EMO263,6.995371637369791
EMO2630,6.364678293560607
EMO2631,6.470217096467391
EMO2632,7.491130085597826
EMO2633,6.059630114583333
EMO2634,8.046429854166668
EMO2635,7.0573035
EMO2636,7.141004592013889
EMO2637,6.059192929166667
EMO2638,8.34232604079861
EMO2639,8.012987305555555
EMO264,6.298097560416667
EMO2640,6.7786135859375
EMO2641,6.660979538194445
EMO2642,7.504373528971354
EMO2643,7.940241283459597
EMO2644,6.504157227272727
EMO2645,6.504738081597222
EMO2646,6.721010809375
EMO2647,7.914021274122807
EMO2648,7.881629908991228
EMO2649,7.692830950617284
EMO265,5.782382282738095
EMO2650,6.769239581730769
EMO2651,6.636230147058823
EMO2652,6.956894077546297
EMO2653,8.097284293025362
EMO2654,7.179760584027777
EMO2655,6.336571370535714
EMO2656,6.1103606160714286
EMO2657,6.94622298125
EMO2658,6.795760256696429
EMO2659,7.347414196479885
EMO266,7.209558351190476
EMO2660,6.945600128472222
EMO2661,6.4099368671875
EMO2662,6.477150763888889
EMO2663,6.695646836397059
EMO2664,6.82800908125
EMO2665,7.191095766414142
EMO2666,6.583617049652778
EMO2667,7.426986264880952
EMO2668,7.062314527960527
EMO2669,6.644865838942308
EMO267,6.597580511284722
EMO2670,6.202250145833333
EMO2671,6.656402166666666
EMO2672,6.5582016294642855
EMO2673,7.385544027698864
EMO2674,7.3404043515625
EMO2675,6.566126865740741
EMO2676,6.943
EMO2677,6.949580860863096
EMO2678,6.846593478219697
EMO2679,7.092805833984375
EMO268,5.86752756875
EMO2680,7.476491307291667
EMO2681,7.45274829324495
EMO2682,6.935624909722222
EMO2683,6.475597725160256
EMO2684,6.20855685625
EMO2685,6.771999011513158
EMO2686,8.229965224826389
EMO2687,6.955204450980392
EMO2688,7.751953746212121
EMO2689,6.677627639322917
EMO269,6.679579634469697
EMO2690,6.688904074404761
EMO2691,6.706046020833333
EMO2692,8.234101405208333
EMO2693,7.163056191789216
EMO2694,6.867320087053572
EMO2695,7.622655312996032
EMO2696,7.698027266369047
EMO2697,7.30422182421875
EMO2698,7.663135478219697
EMO2699,7.582543236607143
EMO27,6.422846678125
EMO270,4.8907948263888885
EMO2700,6.7552843395833335
EMO2701,5.862964203125
EMO2702,6.978431180555556
EMO2703,7.679056432971015
EMO2704,7.6885414243951615
EMO2705,7.499999988095238
EMO2706,7.518980121212121
EMO2707,8.238878211805556
EMO2708,6.342445125
EMO2709,6.805253630555556
EMO271,4.692663939814815
EMO2710,6.994996635964912
EMO2711,7.820315787804307
EMO2712,7.092615170454545
EMO2713,7.950823670882936
EMO2714,6.80319904265873
EMO2715,7.495597477831197
EMO2716,7.860672025853414
EMO2717,7.571417947115385
EMO2718,7.536104906524122
EMO2719,5.363624430555556
EMO272,5.143934738782051
EMO2720,6.810244862630208
EMO2721,7.381001279905914
EMO2722,7.270082604817708
EMO2723,5.556535239583333
EMO2724,6.866663850260417
EMO2725,6.937570615131579
EMO2726,8.395981903549382
EMO2727,7.256698992476852
EMO2728,8.172570227328432
EMO2729,8.172168827546296
EMO273,5.362152340856482
EMO2730,7.509363183712121
EMO2731,6.995042206896552
EMO2732,6.741662509722223
EMO2733,7.799254943181818
EMO2734,8.151112826704546
EMO2735,7.133503148284314
EMO2736,7.240090014880953
EMO2737,7.833651621346555
EMO2738,7.22732057127193
EMO2739,8.15829603886218
EMO274,6.651471411458333
EMO2740,7.211402608333334
EMO2741,7.114072067028985
EMO2742,8.244421873798077
EMO2743,7.282224579776423
EMO2744,8.233437534027777
EMO2745,6.995248178571429
EMO2746,7.431721901939655
EMO2747,8.399029113764044
EMO2748,7.959551334947183
EMO2749,7.466726990162037
EMO275,5.335517169642857
EMO2750,6.595662841145833
EMO2751,7.651437691810345
EMO2752,7.708977994318181
EMO2753,7.554114635869565
EMO2754,7.248806297697368
EMO2755,6.543544568359375
EMO2756,7.4273078671875
EMO2757,6.81544921875
EMO2758,5.755906625
EMO2759,7.418700541193182
EMO276,6.686809824869791
EMO2760,7.242406029829545
EMO2761,6.883073787790698
EMO2762,7.248696632378472
EMO2763,7.009187837053571
EMO2764,6.992017619791667
EMO2765,6.821650046568627
EMO2766,7.83141779841954
EMO2767,6.861924029411765
EMO2768,7.380258371189024
EMO2769,5.923771097916666
EMO277,6.063791146484375
EMO2770,7.2771164418373155
EMO2771,7.412046527708333
EMO2772,7.174800260416666
EMO2773,6.306056585227273
EMO2774,7.527640034487613
EMO2775,6.927019381696429
EMO2776,7.207294744902482
EMO2777,5.735840492261905
EMO2778,7.780020002569445
EMO2779,6.272620465277778
EMO278,5.6850768726
EMO2780,4.121669853921569
EMO2781,8.02380173361111
EMO2782,6.8408316640625
EMO2783,4.755001680555556
EMO2784,7.088290134114583
EMO2785,6.725326393229167
EMO2786,8.088907406109234
EMO2787,7.482717813048246
EMO2788,7.118056367271506
EMO2789,8.194380494230769
EMO279,6.657665200520833
EMO2790,7.262401185833333
EMO2791,6.273904927083334
EMO2792,6.928640791666667
EMO2793,6.8130091875000005
EMO2794,7.918589379353234
EMO2795,7.386770994620861
EMO2796,7.463418114790653
EMO2797,7.9855770359980145
EMO2798,6.427635470141701
EMO2799,8.727721057485947
EMO28,6.778551220486111
EMO280,6.401862610243056
EMO2800,7.587925675156929
EMO2801,7.784810262140493
EMO2802,7.621893747819621
EMO2803,6.303861624177632
EMO2804,7.4978103058479535
EMO2805,7.856625075690954
EMO2806,8.576980321761134
EMO2807,7.465565983641536
EMO2808,6.205499429605263
EMO2809,6.62652104239766
EMO281,6.758193959429825
EMO2810,9.630579329511278
EMO2811,7.769089378289474
EMO2812,6.79064981854189
EMO2813,7.919383495553466
EMO2814,7.710144793272955
EMO2815,7.3201198018797
EMO2816,7.187619051469134
EMO2817,8.151014450645846
EMO2818,6.837019984538553
EMO2819,8.224537890927978
EMO282,6.628052250868056
EMO2820,8.02840988606934
EMO2821,7.5104329104339795
EMO2822,7.668549439557799
EMO2823,7.455206075514875
EMO2824,7.355278005886427
EMO2825,6.1758048666992185
EMO2826,6.518829583333333
EMO2827,6.970085162377451
EMO2828,5.888341385416667
EMO2829,5.940854130208333
EMO283,5.772125664930556
EMO2830,6.62211366091954
EMO2831,6.397732215277777
EMO2832,6.827465548444977
EMO2833,3.4878671439453126
EMO2834,4.697583199107143
EMO2835,7.441602604569892
EMO2836,6.742683830938697
EMO2837,6.28209270949074
EMO2838,5.354892098169192
EMO2839,4.879920786979167
EMO284,6.101798802083334
EMO2840,5.139089159830729
EMO2841,4.560307575424383
EMO2842,6.002277509615385
EMO2843,7.3377871554878045
EMO2844,5.585824270833333
EMO2845,7.225468265530303
EMO2846,5.10310528125
EMO2847,5.953552042613636
EMO2848,6.219532138257575
EMO2849,5.274343241319444
EMO285,5.495708541666667
EMO2850,5.838455689655173
EMO2851,6.998598860677084
EMO2852,6.5480234940476185
EMO2853,7.090862745192307
EMO2854,6.066289908521303
EMO2855,6.3524538802083335
EMO2856,5.5044157421875
EMO2857,5.803167733974359
EMO2858,6.011142021780303
EMO2859,6.448423333333333
EMO286,5.142106369791667
EMO2860,3.780900019301471
EMO2861,3.8176159345238094
EMO2862,4.212294854166666
EMO2863,5.912316418541667
EMO2864,4.034979853738585
EMO2865,6.660515156305115
EMO2866,5.53558624375
EMO2867,4.715220979166666
EMO2868,5.983555677884615
EMO2869,3.760864606079932
EMO287,6.072498677884616
EMO2870,6.33772036775
EMO2871,7.476948058999317
EMO2872,6.567161158088235
EMO2873,5.964504055555556
EMO2874,7.136565259114583
EMO2875,7.157765991898148
EMO2876,6.288510375000001
EMO2877,6.59640613301282
EMO2878,6.74962132421875
EMO2879,7.674625823688271
EMO288,7.100366015972222
EMO2880,7.435282143318965
EMO2881,7.597654811531008
EMO2882,7.228904926724137
EMO2883,7.315681913433908
EMO2884,6.822610239583334
EMO2885,5.795533096874999
EMO2886,5.075397192234848
EMO2887,7.044679360340506
EMO2888,7.289497050480769
EMO2889,8.235388919907408
EMO289,7.257801188541666
EMO2890,8.194413615
EMO2891,7.833886192708333
EMO2892,6.840164393229167
EMO2893,6.794775607638889
EMO2894,7.208609639705882
EMO2895,7.08776646474359
EMO2896,6.875254945864661
EMO2897,8.263733572704082
EMO2898,6.674266736328125
EMO2899,5.829653723214285
EMO29,5.661020576388889
EMO290,6.0394089453125
EMO2900,6.250206633152174
EMO2901,5.016366563541666
EMO2902,6.275655534564394
EMO2903,5.666039776041667
EMO2904,7.475682549375
EMO2905,7.519164899414062
EMO2906,6.404834631076389
EMO2907,7.356351578007519
EMO2908,7.4281701421875
EMO2909,6.785154404094827
EMO291,7.217238474885844
EMO2910,6.129912608695652
EMO2911,5.962614020032051
EMO2912,6.500689501893939
EMO2913,6.365382131365741
EMO2914,5.864935540509259
EMO2915,5.36044422337963
EMO2916,5.52794379375
EMO2917,6.625824792782738
EMO2918,6.31815401566416
EMO2919,6.04793641796875
EMO292,6.773684051549146
EMO2920,6.090165499451754
EMO2921,4.214486644230769
EMO2922,6.326953385416666
EMO2923,5.680721020833333
EMO2924,5.880239062973485
EMO2925,5.8149570609375
EMO2926,5.514554559659091
EMO2927,5.764832578703704
EMO2928,5.323492300347222
EMO2929,7.852456694931774
EMO293,6.118338490740741
EMO2930,6.099722505208334
EMO2931,6.316700762083333
EMO2932,4.8030410069444445
EMO2933,5.816236276785714
EMO2934,5.911253135416667
EMO2935,5.810583858173077
EMO2936,5.4142808973214285
EMO2937,6.537482698958334
EMO2938,6.249005471180555
EMO2939,5.6055914375
EMO294,6.355808401315789
EMO2940,7.741568426867358
EMO2941,7.404794597949615
EMO2942,5.634331386284722
EMO2943,6.143306708333333
EMO2944,5.75603196875
EMO2945,6.127904503472222
EMO2946,6.0661099590600775
EMO2947,5.567639633101852
EMO2948,5.795728027960526
EMO2949,6.145744229662698
EMO295,7.06563896412037
EMO2950,6.19959920775463
EMO2951,6.186495951388889
EMO2952,7.293993246491228
EMO2953,5.314028413194444
EMO2954,6.292796406702898
EMO2955,6.258786161805555
EMO2956,6.584975011775362
EMO2957,5.404891225694445
EMO2958,7.844252507261208
EMO2959,7.611398670233032
EMO296,5.5370622888888885
EMO2960,6.069732421170112
EMO2961,7.637209331871345
EMO2962,7.331187388459575
EMO2963,7.568198250307482
EMO2964,6.681713725172305
EMO2965,6.8107689252699055
EMO2966,7.625312158984418
EMO2967,7.131143119830828
EMO2968,5.524266983415881
EMO2969,7.05589603323739
EMO297,6.1363047298177085
EMO2970,6.604590720640887
EMO2971,6.728389000056961
EMO2972,7.5381374511563
EMO2973,6.745596969846491
EMO2974,6.843058206931802
EMO2975,6.467377427083334
EMO2976,7.338413676269161
EMO2977,7.135035625971178
EMO2978,6.579591225328946
EMO2979,7.8212138712590304
EMO298,6.353581751736111
EMO2980,7.003419735552116
EMO2981,6.203767932420337
EMO2982,6.959054912247725
EMO2983,6.477543410526316
EMO2984,7.6604119027557935
EMO2985,7.509115273470839
EMO2986,7.191397799749374
EMO2987,6.111984447942775
EMO2988,7.863925807583475
EMO2989,7.492463502878289
EMO299,6.80018744375
EMO2990,5.73212675
EMO2991,6.141162915391156
EMO2992,6.90824762899436
EMO2993,7.70913940537514
EMO2994,7.427948839867526
EMO2995,8.255061617407154
EMO2996,8.128715494706961
EMO2997,7.485433125562303
EMO2998,5.773905333333333
EMO2999,7.136504365934367
EMO3,5.685801472222223
EMO30,5.756793392857142
EMO300,5.774311383928572
EMO3000,7.083024735494987
EMO3001,6.868527638802084
EMO3002,4.973936594791667
EMO3003,6.985884535069444
EMO3004,5.019649504261364
EMO3005,6.361352281044745
EMO3006,5.345693739583333
EMO3007,4.664721754901961
EMO3008,6.080609876096491
EMO3009,7.009309083552632
EMO301,4.653374789351852
EMO3010,6.145465324780701
EMO3011,6.895060699142157
EMO3012,5.926403755555556
EMO3013,5.849042351814516
EMO3014,5.460479903645833
EMO3015,6.074584084134616
EMO3016,4.821293708333333
EMO3017,6.556535842013889
EMO3018,3.336542299804688
EMO3019,7.399790780752754
EMO302,6.280613884615384
EMO3020,7.839
EMO3021,6.832959041809068
EMO3022,7.638217866497976
EMO3023,8.09619184879772
EMO3024,7.338463159954811
EMO3025,6.129355263157894
EMO3026,8.038835210526315
EMO3027,6.809320529109232
EMO3028,7.873848241565453
EMO3029,6.552834011225981
EMO303,5.074816704710145
EMO3030,7.186547864035087
EMO3031,7.26055358044783
EMO3032,7.658909688621224
EMO3033,8.099599026110196
EMO3034,6.593569096317181
EMO3035,7.856686675281955
EMO3036,6.523330378289474
EMO3037,8.931698175717703
EMO3038,7.711550945752277
EMO3039,7.130502780801436
EMO304,7.82610787006579
EMO3040,6.956825569078948
EMO3041,7.91088643792517
EMO3042,8.604616608829366
EMO3043,5.330939634920635
EMO3044,7.48803985316155
EMO3045,6.925372057456141
EMO3046,7.436470711549708
EMO3047,6.961534935500516
EMO3048,7.4439163153097585
EMO3049,4.829013194783833
EMO305,7.221607607291666
EMO3050,7.205874631578948
EMO3051,7.478822212642718
EMO3052,6.834942947525062
EMO3053,7.405224840564249
EMO3054,5.31182185515873
EMO3055,6.975891439160401
EMO3056,7.386833034442724
EMO3057,6.1645617781954885
EMO3058,7.296650948830409
EMO3059,7.008368890229044
EMO306,7.970257623081141
EMO3060,6.238838120614035
EMO3061,7.113535222368421
EMO3062,6.715764499783112
EMO3063,7.741776945810249
EMO3064,7.27902778125
EMO3065,7.586987077615915
EMO3066,6.82918228508772
EMO3067,7.512761307200291
EMO3068,7.514940901614833
EMO3069,8.708823819823367
EMO307,6.726398258593751
EMO3070,7.402283054981203
EMO3071,6.362084749373432
EMO3072,7.862776865862574
EMO3073,7.459365506457115
EMO3074,7.289145301088369
EMO3075,7.399430147203947
EMO3076,7.470193670543546
EMO3077,7.878373048879948
EMO3078,7.43650553365619
EMO3079,6.074957153508771
EMO308,6.500635292824074
EMO3080,5.670673465460528
EMO3081,7.33160232417154
EMO3082,4.6042057798583
EMO3083,7.575758580022359
EMO3084,7.666083177244581
EMO3085,7.550666667763157
EMO3086,7.641499232648507
EMO3087,7.684279737231969
EMO3088,8.110355771594786
EMO3089,8.036972319014447
EMO309,5.300498
EMO3090,7.105857537151703
EMO3091,6.289163042105262
EMO3092,8.050155439091318
EMO3093,7.886689402431517
EMO3094,6.272082714285714
EMO3095,7.282687718944538
EMO3096,7.026923495951417
EMO3097,6.587647215460525
EMO3098,7.9650981985645934
EMO3099,7.89072679468719
EMO31,5.5260415625
EMO310,6.622853394097223
EMO3100,7.127198936951755
EMO3101,6.70243233260234
EMO3102,7.049154705357143
EMO3103,7.823
EMO3104,7.252110661732456
EMO3105,7.013898627819548
EMO3106,5.51827301644737
EMO3107,7.507282039943607
EMO3108,7.310619809808613
EMO3109,8.212086815737722
EMO311,7.736419023065476
EMO3110,6.824102118421052
EMO3111,6.828647381578946
EMO3112,6.94896577443609
EMO3113,6.5546354923976615
EMO3114,6.905044682479224
EMO3115,7.445245044736843
EMO3116,6.585479900828459
EMO3117,6.55685584868421
EMO3118,7.69732591995614
EMO3119,6.574697645528753
EMO312,4.985903454530424
EMO3120,7.6254865573171315
EMO3121,7.292540008581235
EMO3122,7.222733045184575
EMO3123,6.545307914361223
EMO3124,7.727248168640351
EMO3125,7.692376044172932
EMO3126,7.118624915204679
EMO3127,6.800552230294486
EMO3128,6.94458873763874
EMO3129,7.3798094116757404
EMO313,5.145436964583333
EMO3130,7.375061471491228
EMO3131,7.190199855031096
EMO3132,6.308414857769424
EMO3133,6.52790253602757
EMO3134,6.556751634210526
EMO3135,7.285170177192982
EMO3136,7.500727881965944
EMO3137,5.69071801362782
EMO3138,6.538647625548246
EMO3139,6.654380583616299
EMO314,6.0295258617424246
EMO3140,6.05174163377193
EMO3141,6.878696390507519
EMO3142,6.42651535247209
EMO3143,7.337654863157896
EMO3144,6.886009907894737
EMO3145,5.908750029605265
EMO3146,6.73234525614035
EMO3147,7.642713009137427
EMO3148,6.697056837719298
EMO3149,6.687215882553605
EMO315,5.289836513888889
EMO3150,6.738306016959065
EMO3151,7.399565398684211
EMO3152,7.614177949625525
EMO3153,6.842648682662539
EMO3154,7.634087960526316
EMO3155,7.276931746569549
EMO3156,7.882006994906621
EMO3157,7.38454384950658
EMO3158,7.15477523868421
EMO3159,6.909442798245615
EMO316,5.685722220833334
EMO3160,6.430894452302631
EMO3161,7.537521519005849
EMO3162,6.516072629385965
EMO3163,7.808569192766753
EMO3164,7.1599321093117405
EMO3165,6.910793327302631
EMO3166,6.863856842442645
EMO3167,7.101314355263158
EMO3168,6.498246493421052
EMO3169,7.864246185349191
EMO317,6.1468558359375
EMO3170,7.266928674342105
EMO3171,7.542951275458762
EMO3172,6.667967130701754
EMO3173,7.53100262134503
EMO3174,7.495933200932018
EMO3175,7.334205016018307
EMO3176,6.653053001745434
EMO3177,6.921396955971659
EMO3178,6.967113192054656
EMO3179,7.3828789141604
EMO318,5.93340251171875
EMO3180,7.584372609210527
EMO3181,7.380640407894737
EMO3182,6.45386927631579
EMO3183,7.064900450438596
EMO3184,6.671536806818182
EMO3185,6.997309554385964
EMO3186,7.24225755579922
EMO3187,7.02487807236842
EMO3188,6.276856424767276
EMO3189,8.090505780016448
EMO319,6.042073285493827
EMO3190,6.621366644736841
EMO3191,6.269704943421052
EMO3192,6.45351165695489
EMO3193,6.41445864832536
EMO3194,7.50766443
EMO3195,7.654313499385719
EMO3196,5.698408891447368
EMO3197,6.709496822994986
EMO3198,7.576207815601504
EMO3199,7.855863235707804
EMO32,6.488237456439394
EMO320,5.3230748
EMO3200,7.682150316159844
EMO3201,6.630604813230995
EMO3202,7.66537846659919
EMO3203,7.507110418468945
EMO3204,6.960847893914474
EMO3205,7.136297581551536
EMO3206,7.959308025022492
EMO3207,8.930462335825359
EMO3208,6.938837528508773
EMO3209,7.21699294005848
EMO321,6.057681552083333
EMO3210,7.647096997493736
EMO3211,7.577282912679426
EMO3212,7.936955792671783
EMO3213,8.105717500253037
EMO3214,7.054940843859649
EMO3215,7.5933722426596
EMO3216,7.8281905164473695
EMO3217,7.731485436414931
EMO3218,8.254399228131092
EMO3219,7.212986730263157
EMO322,5.28049136875
EMO3220,7.722310387075283
EMO3221,6.867171313909775
EMO3222,7.940538840789474
EMO3223,7.371209412280701
EMO3224,6.732189299319727
EMO3225,7.81939287388664
EMO3226,6.57898830263158
EMO3227,7.335918835115132
EMO3228,7.315322810249307
EMO3229,7.725557927025898
EMO323,4.730682931547619
EMO3230,6.6373345690789485
EMO3231,7.612127205592105
EMO3232,6.841257217420594
EMO3233,8.157687112816765
EMO3234,7.632971762585812
EMO3235,7.87817173064693
EMO3236,6.905355023966166
EMO3237,7.582479333059211
EMO3238,7.273782275119619
EMO3239,7.301516214574899
EMO324,5.794100907051282
EMO3240,7.457697583392603
EMO3241,7.5765755514705875
EMO3242,7.936799261040532
EMO3243,7.251277189772439
EMO3244,7.022897886695906
EMO3245,7.424713239134768
EMO3246,7.577934404135338
EMO3247,6.71616039943609
EMO3248,7.7546774960378
EMO3249,7.695448847910216
EMO325,5.448780502604167
EMO3250,7.977734544380017
EMO3251,7.318987912280702
EMO3252,6.737895264097745
EMO3253,7.408799907407408
EMO3254,8.198915494331985
EMO3255,7.953534769249511
EMO3256,7.730135735301284
EMO3257,7.430605760167465
EMO3258,7.60256224352548
EMO3259,7.740722153393353
EMO326,5.809442838541667
EMO3260,6.865240210176711
EMO3261,7.587649655016447
EMO3262,7.6551278858082705
EMO3263,8.149019759566183
EMO3264,7.940298038651316
EMO3265,8.054018782310957
EMO3266,6.864889455409358
EMO3267,7.44947828250774
EMO3268,7.091185727796052
EMO3269,8.172092194411217
EMO327,6.7998909375
EMO3270,7.451034747707337
EMO3271,7.905026472826087
EMO3272,6.966981934210527
EMO3273,7.634503525782361
EMO3274,7.380951944838057
EMO3275,6.776547337092731
EMO3276,7.275102842336103
EMO3277,6.900618313758934
EMO3278,7.077140421783627
EMO3279,6.915045992224881
EMO328,6.7211226866319445
EMO3280,7.733355898391812
EMO3281,6.609064259868421
EMO3282,7.738128427011823
EMO3283,8.06618018537347
EMO3284,7.582905880783453
EMO3285,8.055368221804512
EMO3286,8.948777010181704
EMO3287,6.524234368421053
EMO3288,7.652300472523219
EMO3289,7.197066141858553
EMO329,5.3050271875
EMO3290,7.438545061716792
EMO3291,7.563195842105263
EMO3292,7.419972888493756
EMO3293,8.130955957553606
EMO3294,6.490169736842107
EMO3295,7.674410822331252
EMO3296,6.966209747532895
EMO3297,7.5675385694710915
EMO3298,7.446133525767544
EMO3299,7.315709363573407
EMO33,6.7991096522817465
EMO330,7.72133665625
EMO3300,7.581595749428719
EMO3301,7.361624642204469
EMO3302,7.313040175841389
EMO3303,6.116668824561403
EMO3304,7.677148099415205
EMO3305,6.55810706505848
EMO3306,7.669174623937893
EMO3307,7.33228715200831
EMO3308,6.269043298611112
EMO3309,7.536652092634603
EMO331,5.752377578598485
EMO3310,7.239385812877783
EMO3311,7.511840753611971
EMO3312,7.595014438481071
EMO3313,7.522226361839206
EMO3314,7.7170509764689506
EMO3315,7.421919345600937
EMO3316,7.258854692225355
EMO3317,7.001455106359649
EMO3318,6.654697722488038
EMO3319,7.386938106658692
EMO332,6.736653783854167
EMO3320,7.884516024172273
EMO3321,7.551931822162829
EMO3322,7.383599789199561
EMO3323,8.551187747868555
EMO3324,7.697728185175438
EMO3325,7.426234710891812
EMO3326,7.624874182565788
EMO3327,7.629799688256134
EMO3328,8.201808594067405
EMO3329,7.395825962428393
EMO333,5.823010739583333
EMO3330,7.06254739375
EMO3331,7.389488059034305
EMO3332,7.93760782312753
EMO3333,8.242979752090562
EMO3334,6.1207630238095225
EMO3335,7.994913607670964
EMO3336,7.660203321841425
EMO3337,7.818332326159679
EMO3338,7.763777873987854
EMO3339,7.980504729565141
EMO334,6.334231347222223
EMO3340,7.485899228878117
EMO3341,7.147190534959559
EMO3342,6.179049956845238
EMO3343,7.887271713181764
EMO3344,7.107876591557019
EMO3345,6.93156814868421
EMO3346,7.931234536654135
EMO3347,7.811331352611853
EMO3348,7.349434465587045
EMO3349,6.875960985526315
EMO335,5.384970513020834
EMO3350,7.261711502819549
EMO3351,6.360850155364372
EMO3352,7.458470131539787
EMO3353,8.123137865591397
EMO3354,7.905614533931238
EMO3355,8.195233973670389
EMO3356,7.971557333487127
EMO3357,7.182522824013157
EMO3358,8.153331868441741
EMO3359,7.022115751311148
EMO336,5.67917753125
EMO3360,7.390370152511961
EMO3361,7.545270703507958
EMO3362,7.160293075744917
EMO3363,7.906111505921052
EMO3364,6.5166844409983264
EMO3365,7.771433915831245
EMO3366,8.014982910479324
EMO3367,7.54808152429988
EMO3368,7.816983754196448
EMO3369,7.138808788220552
EMO337,6.696778507291667
EMO3370,6.34385341927736
EMO3371,7.783722444838057
EMO3372,6.672900286497494
EMO3373,6.956387370065789
EMO3374,7.628831778630604
EMO3375,7.696520306289918
EMO3376,8.04494900761773
EMO3377,5.433938003341686
EMO3378,6.843420961466165
EMO3379,7.464706460825359
EMO338,6.507517814583333
EMO3380,7.476657940789472
EMO3381,6.5107849232978285
EMO3382,7.09904283260234
EMO3383,7.617853405921053
EMO3384,7.301570632401316
EMO3385,7.6642795763157885
EMO3386,7.288941934210526
EMO3387,7.035874991430783
EMO3388,7.515967871904024
EMO3389,9.347565303478868
EMO339,6.23363851388889
EMO3390,6.507181796818435
EMO3391,6.783527193609023
EMO3392,7.698978554122807
EMO3393,6.323093884476817
EMO3394,7.049281719965675
EMO3395,7.6995340116028705
EMO3396,7.931694374102871
EMO3397,6.53036070504386
EMO3398,7.897318999919216
EMO3399,7.644868802046783
EMO34,5.723126363224638
EMO340,5.485620395833333
EMO3400,8.015218367598685
EMO3401,7.205834658684211
EMO3402,7.943722477957046
EMO3403,8.114329232057417
EMO3404,7.910527340686275
EMO3405,6.539456
EMO3406,7.3884193386330415
EMO3407,7.684323302631579
EMO3408,7.507283499307479
EMO3409,8.17053625504386
EMO341,6.439009267361112
EMO3410,7.293193418128655
EMO3411,9.048587585993973
EMO3412,8.003574449577647
EMO3413,8.357363388663968
EMO3414,6.684798400584796
EMO3415,8.04615303749888
EMO3416,7.43628447368421
EMO3417,6.939853856725146
EMO3418,7.8288215187951105
EMO3419,7.381236306052632
EMO342,5.588683230208334
EMO3420,7.205968251879701
EMO3421,7.39301944736842
EMO3422,8.248945987723598
EMO3423,7.952323435964911
EMO3424,6.50532058004386
EMO3425,9.000830755271084
EMO3426,7.650808980701753
EMO3427,6.24518870760234
EMO3428,8.56019217709128
EMO3429,7.174699935526315
EMO343,5.764662088541667
EMO3430,7.377305326403508
EMO3431,6.308522697368421
EMO3432,7.952675325620085
EMO3433,7.0285749701417
EMO3434,7.900
EMO3435,6.786585994360901
EMO3436,7.674153813215765
EMO3437,6.734580584795322
EMO3438,6.394251684210525
EMO3439,7.645539499565972
EMO344,5.897890805555555
EMO3440,7.68413305547121
EMO3441,7.582951364583333
EMO3442,7.336460984375
EMO3443,6.687405457532051
EMO3444,7.756935072916667
EMO3445,7.849640902960526
EMO3446,8.229014985544218
EMO3447,7.694381442887931
EMO3448,7.164294991753472
EMO3449,7.442307618589743
EMO345,5.972896791666667
EMO3450,7.408452097756411
EMO3451,6.772112128472222
EMO3452,7.134886185586735
EMO3453,7.501849625
EMO3454,7.451218313301282
EMO3455,8.09796481567029
EMO3456,7.524511671130952
EMO3457,7.362922892628205
EMO3458,7.606512555208334
EMO3459,6.884914134765625
EMO346,5.657139511904762
EMO3460,7.936108683369253
EMO3461,7.870816299242424
EMO3462,7.003949215725807
EMO3463,7.5833587884469695
EMO3464,7.395318443865741
EMO3465,7.599801900416667
EMO3466,8.221296368371211
EMO3467,7.651624165833333
EMO3468,7.785871171568627
EMO3469,7.54145837689394
EMO347,5.506269861979167
EMO3470,7.558198871726191
EMO3471,8.014262246445107
EMO3472,7.06407528125
EMO3473,7.437070387931035
EMO3474,7.316664575892857
EMO3475,7.299597477272727
EMO3476,7.865536467329545
EMO3477,7.794094064903846
EMO3478,7.300926191964286
EMO3479,6.430490364583333
EMO348,6.364758293560606
EMO3480,7.529539278125
EMO3481,7.614879121875
EMO3482,6.8997710520833335
EMO3483,7.642798948803191
EMO3484,7.1927440138888885
EMO3485,7.631062314393939
EMO3486,6.676696227678572
EMO3487,6.889428773148148
EMO3488,7.769445172327899
EMO3489,6.818319797916667
EMO349,5.69457676875
EMO3490,7.259396283653846
EMO3491,7.079078181818182
EMO3492,7.689776265104166
EMO3493,7.091897552083333
EMO3494,7.752150870325854
EMO3495,7.24071057
EMO3496,5.938
EMO3497,5.9901695833333335
EMO3498,7.947083630208334
EMO3499,7.757026202366505
EMO35,5.997652129901961
EMO350,6.281901204861111
EMO3500,8.449035845775462
EMO3501,7.219238005514706
EMO3502,6.47778188125
EMO3503,6.795436514322916
EMO3504,6.597764415364583
EMO3505,6.977137423611112
EMO3506,7.245589925833333
EMO3507,7.433876140625
EMO3508,7.1843690453431375
EMO3509,6.727671746323529
EMO351,7.088743926339285
EMO3510,7.410411145833334
EMO3511,7.49870017092803
EMO3512,7.655723153822816
EMO3513,7.491457731617647
EMO3514,7.138893408203125
EMO3515,7.259964115104166
EMO3516,7.109042545833333
EMO3517,7.03699477827381
EMO3518,6.276686554166666
EMO3519,6.073151785714286
EMO352,7.383005641163793
EMO3520,6.60235849609375
EMO3521,6.222799491071428
EMO3522,7.490031563112745
EMO3523,7.687537003800675
EMO3524,7.730273479293699
EMO3525,6.114667017113095
EMO3526,6.698205053571429
EMO3527,7.047698592948718
EMO3528,7.187731333333334
EMO3529,6.447236944444445
EMO353,5.365489138888889
EMO3530,5.957921421875
EMO3531,6.029685731770833
EMO3532,7.321030870138888
EMO3533,8.123472824173152
EMO3534,6.8257063125
EMO3535,7.776776625339674
EMO3536,7.551638311403509
EMO3537,7.738707261485042
EMO3538,7.405128192204301
EMO3539,7.308531079205975
EMO354,8.029765002003206
EMO3540,6.892075847800926
EMO3541,7.013818128125
EMO3542,7.70249400462963
EMO3543,6.8466191640625
EMO3544,7.601275783394608
EMO3545,7.511501279124149
EMO3546,6.935386007211538
EMO3547,6.9049598625
EMO3548,7.140747196527777
EMO3549,7.2734140625
EMO355,6.356148083333333
EMO3550,7.256354671296297
EMO3551,6.271975285037879
EMO3552,6.952892251736111
EMO3553,5.9666344140625
EMO3554,7.467506149509804
EMO3555,7.742245703457447
EMO3556,7.41460053277439
EMO3557,6.4952663125
EMO3558,7.112866329044118
EMO3559,6.99852215625
EMO356,7.565744170289855
EMO3560,7.179738742476852
EMO3561,7.495194519982993
EMO3562,6.865983130952381
EMO3563,6.514931505208334
EMO3564,6.690501996744792
EMO3565,7.440917727272727
EMO3566,6.934072513257576
EMO3567,6.4535297125
EMO3568,7.280926699858757
EMO3569,7.590537943606321
EMO357,5.328634878472222
EMO3570,7.061443982007575
EMO3571,6.927159294642857
EMO3572,7.2029011848958335
EMO3573,6.4143763125
EMO3574,6.334562041666667
EMO3575,5.710958135416667
EMO3576,6.672552535300926
EMO3577,7.760238529879386
EMO3578,7.469076715725807
EMO3579,7.200155177631579
EMO358,7.461628186111112
EMO3580,6.9947526578125006
EMO3581,6.76892029296875
EMO3582,6.281623997916666
EMO3583,7.127369651785714
EMO3584,7.0521588897357725
EMO3585,6.466320046875
EMO3586,7.007934998611111
EMO3587,7.37402923859127
EMO3588,5.434260458333333
EMO3589,7.288143627403846
EMO359,7.207795371744791
EMO3590,7.418447557180851
EMO3591,7.0963928863636365
EMO3593,7.164639066105769
EMO3594,7.255531881666666
EMO3595,6.534266043402778
EMO3596,7.393948462316176
EMO3597,7.4329974962121215
EMO3598,7.370667913690476
EMO3599,6.9378557421875
EMO36,6.615126357230392
EMO360,7.344871821022727
EMO3600,7.421892104817708
EMO3601,7.396472846484375
EMO3602,5.898160378472222
EMO3603,6.977169701945755
EMO3604,7.076988243303572
EMO3605,6.692605949652778
EMO3606,6.223935041666667
EMO3607,6.6853887875
EMO3608,7.22768409564394
EMO3609,6.407059891666667
EMO361,7.326533627192982
EMO3610,6.711247037377451
EMO3611,7.435795528240741
EMO3612,7.3893298
EMO3613,6.595223244791667
EMO3614,7.418674453125
EMO3615,7.473333792708334
EMO3616,6.290004989583333
EMO3617,7.401588468220339
EMO3618,6.58532145
EMO3619,7.558884256475225
EMO362,7.067066685416667
EMO3620,6.647836936197916
EMO3621,7.350822722826087
EMO3622,6.07014076875
EMO3623,6.796031245535715
EMO3624,7.390792313657407
EMO3625,6.154211338541667
EMO3626,7.277496848278986
EMO3627,7.299787972916667
EMO3628,7.203353375
EMO3629,6.627059837239584
EMO363,6.622831733333333
EMO3630,6.842081265625
EMO3631,7.596502947746599
EMO3632,5.877541411458333
EMO3633,7.643908199055989
EMO3634,8.42372743655303
EMO3635,7.613724611979166
EMO3636,7.36600340224359
EMO3637,7.114250442307692
EMO3638,7.293485121162281
EMO3639,6.666647791666667
EMO364,5.627773956597222
EMO3640,7.254177954954954
EMO3641,6.585804671875
EMO3642,6.963825371527777
EMO3643,6.74447063671875
EMO3644,7.325985659274194
EMO3645,6.425603052083333
EMO3646,6.951041236111111
EMO3647,7.151341990885417
EMO3648,5.736818430555556
EMO3649,6.786241579427084
EMO365,6.183820234375
EMO3650,7.401041205882353
EMO3651,7.1442485546875
EMO3652,7.320066416015625
EMO3653,6.460279976190476
EMO3654,6.408288697916666
EMO3655,7.81200762624008
EMO3656,6.901885805208333
EMO3657,6.855366199900794
EMO3658,7.704656863839285
EMO3659,5.935879916666667
EMO366,7.200166045504386
EMO3660,7.312615411805556
EMO3661,7.017534175595238
EMO3662,5.352044333333334
EMO3663,7.594058711397059
EMO3664,5.729243694444444
EMO3665,7.51778120858396
EMO3666,7.128132167214913
EMO3667,6.398783445488721
EMO3668,7.49584894270335
EMO3669,7.098161215460526
EMO367,6.6244621137152775
EMO3670,6.40629224076639
EMO3671,6.25502332978279
EMO3672,7.543848256965945
EMO3673,6.473788228000557
EMO3674,6.653042829824561
EMO3675,7.556060876716247
EMO3676,7.265868001130276
EMO3677,6.91520343079922
EMO3678,7.44777180041539
EMO3679,6.750140855263157
EMO368,6.627274601325757
EMO3680,7.308835042157023
EMO3681,7.0743127820802
EMO3682,7.303012721192185
EMO3683,6.479896358619762
EMO3684,6.584988184355119
EMO3685,8.103411726817042
EMO3686,5.693823045247047
EMO3687,7.544225426153274
EMO3688,7.2600466732804225
EMO3689,7.303842357351713
EMO369,6.150752150462963
EMO3690,7.68248207024257
EMO3691,6.918417273026316
EMO3692,7.405342760776943
EMO3693,7.550765958751045
EMO3694,7.509023411958204
EMO3695,6.655819401190478
EMO3696,7.532888878347184
EMO3697,7.517761297697369
EMO3698,8.310640260440344
EMO3699,7.23540846671656
EMO37,6.625349606004902
EMO370,6.928680096491228
EMO3700,7.514334612518136
EMO3701,6.95407835056391
EMO3702,7.069174683213716
EMO3703,5.59821120614035
EMO3704,7.073476716724848
EMO3705,7.893820788043478
EMO3706,7.400193363038277
EMO3707,7.190685568835282
EMO3708,4.408077563733553
EMO3709,5.2728639403195485
EMO371,6.609894745265152
EMO3710,4.807720482617529
EMO3711,5.558370627024291
EMO3712,5.588647986842105
EMO3713,5.94647692961887
EMO3714,5.744356845358589
EMO3715,7.288742688020833
EMO3716,7.554030003819444
EMO3717,7.711405313636364
EMO3718,7.0800613840460525
EMO3719,7.418905771969697
EMO372,6.95610706640625
EMO3720,7.211923833867521
EMO3721,7.325547941287879
EMO3722,7.334034969004065
EMO3723,7.445960573660714
EMO3724,6.9259951630681815
EMO3725,6.736445984027777
EMO3726,7.7940597
EMO3727,7.598740059695513
EMO3728,7.539424284552846
EMO3729,8.32622175740462
EMO373,7.787255157852564
EMO3730,6.847785741567461
EMO3731,6.625536561698718
EMO3732,6.8627440625
EMO3733,4.939320675
EMO3734,6.611713445684524
EMO3735,7.487063455505953
EMO3736,7.541704927631579
EMO3737,7.81448243579235
EMO3738,6.048275774305555
EMO3739,5.9711236875
EMO374,7.216853697265624
EMO3740,6.854455209201389
EMO3741,6.950363332255747
EMO3742,6.7188424078125
EMO3743,7.470377216557018
EMO3744,8.543259734635416
EMO3745,7.391040429012346
EMO3746,7.525824039583333
EMO3747,6.712578197222222
EMO3748,6.572398956730769
EMO3749,7.082056354910715
EMO375,6.0561782795138885
EMO3750,5.6874997578125
EMO3751,6.691736659226191
EMO3752,7.140383129934211
EMO3753,6.959719539215686
EMO3754,7.678947048913043
EMO3755,8.064682587851406
EMO3756,7.801819826264881
EMO3757,6.510787633928572
EMO3758,6.029915095833333
EMO3759,6.814021760416667
EMO376,7.580151111805556
EMO3760,9.292518726831895
EMO3761,7.364686019675926
EMO3762,8.085945679166667
EMO3763,8.306879406635803
EMO3764,7.528899051609849
EMO3765,7.26920108912037
EMO3766,8.342861631249999
EMO3767,7.667012797916667
EMO3768,7.447818811383929
EMO3769,7.303934740196079
EMO377,6.8516703128255205
EMO3770,7.068029413461538
EMO3771,7.616319853693182
EMO3772,7.087044694128788
EMO3773,7.066247929276316
EMO3775,7.755334449911348
EMO3776,7.36156165
EMO3777,7.564728773809524
EMO3778,7.771264156994047
EMO3779,7.568617306372549
EMO378,4.9601551875
EMO3780,7.445496958333333
EMO3781,7.571970233901515
EMO3782,7.145159442876344
EMO3783,6.985278953125
EMO3784,7.439771057291667
EMO3785,7.355103461174242
EMO3786,7.4442854660947715
EMO3787,6.804814196354167
EMO3788,6.6905524578125
EMO3789,7.249042369902482
EMO379,7.18380246491228
EMO3790,7.017726956730769
EMO3791,6.955935258463541
EMO3792,6.9668730921875
EMO3793,7.563584444852942
EMO38,6.961865192881945
EMO380,6.080898886363636
EMO381,7.319673527777778
EMO382,6.308099986607143
EMO383,5.989147510416667
EMO384,6.060632035416667
EMO385,7.148644884259259
EMO386,5.398578692708333
EMO387,7.237384863425926
EMO388,6.625545157552083
EMO389,6.11945234375
EMO39,5.117153425
EMO390,6.419054295454545
EMO391,5.628582184027778
EMO392,5.63733041875
EMO393,6.175668364583333
EMO394,7.467883941666667
EMO395,7.974913849609375
EMO396,6.761163770833334
EMO397,6.097285562973485
EMO398,6.984874253787879
EMO399,6.643325952380953
EMO4,4.998101682692307
EMO40,6.335355031994048
EMO400,6.757229919642858
EMO401,6.409062079861111
EMO402,7.570270096354167
EMO403,5.911152752083334
EMO404,7.649445864583333
EMO405,7.116508328869047
EMO406,6.691866670833333
EMO407,6.470119939583333
EMO408,5.9036121645833335
EMO409,7.072799909143519
EMO41,5.910370413690476
EMO410,6.274937630208333
EMO411,5.234856114583333
EMO412,6.651643570075757
EMO413,6.690977558035715
EMO414,6.1661852890625
EMO415,7.545001229166666
EMO416,7.0169734981060605
EMO417,7.3784511968005955
EMO418,6.176694991071429
EMO419,6.410002354166666
EMO42,6.657302990972222
EMO420,5.935348485416667
EMO421,6.5298913489583335
EMO422,8.031933125694444
EMO423,7.549801546875
EMO424,6.981565082386363
EMO425,6.58974467578125
EMO426,6.68638875390625
EMO427,6.700437860119048
EMO428,6.336856477564103
EMO429,7.651890801136363
EMO43,5.950664534188034
EMO430,5.9695311375
EMO431,8.014315944128787
EMO432,6.446275009259259
EMO433,6.599898175
EMO434,7.524299087906504
EMO435,7.2021482734375
EMO436,6.3646634487847225
EMO437,4.989156401442307
EMO438,6.640977390456989
EMO439,7.244140504464286
EMO44,6.0833143671875
EMO440,7.033872829861111
EMO441,7.698663631597222
EMO442,7.148236806818182
EMO443,6.305402635416667
EMO444,8.924175024709303
EMO445,7.883904637867647
EMO446,7.6236661825
EMO447,7.58532609375
EMO448,4.839164390625
EMO449,8.134409124305556
EMO45,6.314198254583333
EMO450,7.0733432265625
EMO451,8.793767625578704
EMO452,7.295695774966931
EMO453,8.710186905952382
EMO454,7.719477017543859
EMO455,7.75022655564693
EMO456,6.582410180288462
EMO457,6.827111116477273
EMO458,6.518462530598958
EMO459,6.361669455882353
EMO46,6.764246259963768
EMO460,8.055925003968254
EMO461,7.87622309375
EMO462,6.130811902777777
EMO463,7.000178227678571
EMO464,5.11951731633772
EMO465,8.346130976102941
EMO466,8.097826194293479
EMO467,7.66733811620671
EMO468,7.025503879166667
EMO469,6.2312753671875
EMO47,6.0837240362103175
EMO470,7.986289998774509
EMO471,6.765588506628788
EMO472,7.701599790364583
EMO473,7.991904398897058
EMO474,7.519512244212962
EMO475,8.770354857638889
EMO476,8.29409274264706
EMO477,7.992105744166666
EMO478,7.088702185185185
EMO479,8.26837290264423
EMO48,6.444418644345238
EMO480,7.816306510833333
EMO481,6.601038880208334
EMO482,8.584365478125
EMO483,8.391435766666667
EMO484,8.589554574042793
EMO485,7.76289028125
EMO486,7.975700342329546
EMO487,7.741156695723684
EMO488,8.205983861328125
EMO489,8.877224707561728
EMO49,5.536070650641026
EMO490,6.782634707532051
EMO491,8.114670993279569
EMO492,8.783002532118056
EMO493,7.921718274038461
EMO494,8.233209493259803
EMO495,7.883353678385417
EMO496,7.085918800925926
EMO497,6.754925045833334
EMO498,7.070010611111112
EMO499,8.792019466746796
EMO5,5.203747528376437
EMO50,5.865059411997127
EMO500,8.932376695549243
EMO501,6.417893291666667
EMO502,8.421029264322916
EMO503,6.958519267857143
EMO504,8.301507569444444
EMO505,8.921818399479166
EMO506,7.849659247596154
EMO507,8.427049461805556
EMO508,7.861908462673611
EMO509,8.787708283266129
EMO51,5.922097082358512
EMO510,7.9016042701822915
EMO511,7.744151278044872
EMO512,8.003679604910714
EMO513,7.608899290625
EMO514,6.54221359375
EMO515,7.990693241666666
EMO516,8.037295480902777
EMO517,6.848642412828947
EMO518,6.695125840625
EMO519,5.101548139973959
EMO52,5.784643378472222
EMO520,8.070556598557692
EMO521,8.225242650219299
EMO522,4.818330975
EMO523,7.953667485243056
EMO524,7.5314445358072915
EMO525,8.11853826707176
EMO526,8.094256498903508
EMO527,8.136962089583333
EMO528,8.405497169730392
EMO529,8.008462199561404
EMO53,5.459563302777778
EMO530,6.931197478009259
EMO531,7.445460732638889
EMO532,8.513421094494047
EMO533,7.687761047715054
EMO534,7.507042420138888
EMO535,8.308652982954545
EMO536,7.032115892708333
EMO537,5.584692454427083
EMO538,6.299883147321428
EMO539,6.505230725
EMO54,6.856291069746376
EMO540,8.137744014467593
EMO541,6.403173649305556
EMO542,5.823156966145834
EMO543,5.94151921875
EMO544,5.308169265625
EMO545,8.92352937962963
EMO546,8.558248903882577
EMO547,7.876273813020833
EMO548,8.386290466032609
EMO549,8.100699045572917
EMO55,5.910536185019842
EMO550,7.794409170717593
EMO551,7.728097479166666
EMO552,6.262294189236111
EMO553,7.212556739583333
EMO554,7.674071060329861
EMO555,5.51935867092803
EMO556,8.345159602777779
EMO557,6.825981769345238
EMO558,7.362767981119791
EMO559,5.828263674242424
EMO56,6.011872314980159
EMO560,5.992510855059524
EMO561,5.957336941666667
EMO562,8.010943653044873
EMO563,5.922198372023809
EMO564,6.698988532552083
EMO565,7.223603090909091
EMO566,5.901947270833333
EMO567,7.442307561683006
EMO568,8.121740825
EMO569,6.600306370265152
EMO57,6.464496826822916
EMO570,7.002703905
EMO571,6.087954485745614
EMO572,8.028742227816359
EMO573,7.644485699583334
EMO574,8.431824933548851
EMO575,7.719869272435897
EMO576,7.3806385625
EMO577,5.006987616071428
EMO578,8.331234355235043
EMO579,7.442310546316964
EMO58,5.600252604166666
EMO580,7.078008122222222
EMO581,7.789423965544872
EMO582,8.649287971478175
EMO583,7.197650045955882
EMO584,5.162916975160257
EMO585,7.914368064078283
EMO586,6.85009025094697
EMO587,6.469591649739583
EMO588,5.5334578125
EMO589,5.630641344655797
EMO59,6.403239132575758
EMO590,7.460036216145833
EMO591,8.316692567401962
EMO592,6.611245171875
EMO593,7.5100284765625
EMO594,7.326737868303572
EMO595,8.052560463789682
EMO596,7.913061591517857
EMO597,7.888068010763889
EMO598,6.096651046875
EMO599,5.961968846064814
EMO6,7.247829835416667
EMO60,5.548756248397436
EMO600,6.87836472265625
EMO601,6.884904305555556
EMO602,7.258025190972222
EMO603,6.678036212673611
EMO604,5.696266870535714
EMO605,6.773644829861111
EMO606,6.830436435763889
EMO607,7.9416040211
EMO608,6.362043294444445
EMO609,7.7424448755208335
EMO61,5.075223563265931
EMO610,5.830202858630952
EMO611,6.92534859077381
EMO612,7.754278
EMO613,7.461448257347783
EMO614,7.204884087962963
EMO615,6.6815799642857145
EMO616,8.424807667798913
EMO617,7.288968691666667
EMO618,7.386096178240741
EMO619,7.126496331349206
EMO62,5.496703965277778
EMO620,7.582808122844828
EMO621,4.582125532986112
EMO622,7.904433973958334
EMO623,6.741753345138889
EMO624,6.565378563301282
EMO625,6.663239248397436
EMO626,6.84177194375
EMO627,8.671667899122808
EMO628,6.109884200757576
EMO629,6.7066344722222215
EMO63,6.328251386029412
EMO630,5.5023874288194445
EMO631,6.740289024839743
EMO632,3.7949424138888888
EMO633,6.3244044375
EMO634,5.788508671296296
EMO635,6.719806821759259
EMO636,7.747593890046296
EMO637,6.784520516025641
EMO638,5.99436165625
EMO639,7.802430046875
EMO64,5.648561007575758
EMO640,8.122542490808824
EMO641,6.101851525462963
EMO642,6.7600391944444445
EMO643,5.899838658854167
EMO644,7.643638249198718
EMO645,6.125380130952381
EMO646,6.219363032986111
EMO647,6.41645431640625
EMO648,6.60048669375
EMO649,8.98984615327381
EMO65,6.099926427083333
EMO650,6.308731123511905
EMO651,8.04829040625
EMO652,7.214355800480769
EMO653,7.658933290277778
EMO654,6.004472265625
EMO655,5.79676173125
EMO656,7.355913691261574
EMO657,6.407735345238096
EMO658,7.03536509375
EMO659,5.506428107291667
EMO66,6.083081469328704
EMO660,5.904564303240741
EMO661,7.36194060375
EMO662,6.614728077546297
EMO663,5.922129149305556
EMO664,6.638711379166667
EMO665,6.59612760300926
EMO666,5.824105545138889
EMO667,5.789798243055556
EMO668,6.618633931712963
EMO669,6.52265018844697
EMO67,5.288321005952381
EMO670,6.322694884548612
EMO671,5.991686061011905
EMO672,7.272151396577381
EMO673,7.000473752741228
EMO674,7.622268384114584
EMO675,6.7186684479166665
EMO676,6.771116564236111
EMO677,6.1480412421875
EMO678,5.972392079166666
EMO679,5.9415601875
EMO68,5.340202083333334
EMO680,7.598443057291667
EMO681,7.522996179166666
EMO682,6.962707662660256
EMO683,5.570661572916666
EMO684,6.088519008333333
EMO685,6.481796760416667
EMO686,6.472599658088235
EMO687,5.810179137820513
EMO688,6.503816273284314
EMO689,6.052083255208333
EMO69,5.520720427083334
EMO690,6.7725985625
EMO691,6.059166246527777
EMO692,4.970374158653846
EMO693,7.623236947420635
EMO694,5.794300958333333
EMO695,6.792500632638889
EMO696,5.195218184027778
EMO697,6.593278393518519
EMO698,7.573418393318965
EMO699,6.45269328515625
EMO7,6.293081873263889
EMO70,5.44214210252193
EMO700,6.854393184294872
EMO701,7.481273760995371
EMO702,6.123635037037037
EMO703,5.946218176388889
EMO704,7.085946832175926
EMO705,7.645313972373189
EMO706,6.0508149583333335
EMO707,6.9252302672275645
EMO708,5.88846690625
EMO709,5.681505274305556
EMO71,5.766893938802083
EMO710,6.376374298032407
EMO711,4.853495638020833
EMO712,5.666227802455357
EMO713,5.30520505952381
EMO714,5.095221950520833
EMO715,5.02192948629386
EMO716,4.793223234375
EMO717,4.577873548177084
EMO718,5.434098618923611
EMO719,4.77537475
EMO72,4.894418025173611
EMO720,4.595315965277778
EMO721,5.602819041666667
EMO722,6.129373992324561
EMO723,4.385294645285088
EMO724,5.619225349702381
EMO725,4.825219237847222
EMO726,4.431942696180555
EMO727,5.3876652583333335
EMO728,4.638350077651515
EMO729,4.171379447916666
EMO73,5.809409630208333
EMO730,5.358228513020833
EMO731,5.34785663301282
EMO732,5.259284485119047
EMO733,4.893291519675926
EMO734,5.029404536458333
EMO735,4.6010587993421055
EMO736,5.391761515224359
EMO737,5.153445677083333
EMO738,6.23080842578125
EMO739,6.065970794871795
EMO74,5.704319336979166
EMO740,5.507499446691177
EMO741,5.6686447665441175
EMO742,5.434682208333333
EMO743,6.7896159728009255
EMO744,5.656001173460145
EMO745,5.781236974537037
EMO746,4.500913027777778
EMO747,6.313094375
EMO748,7.3461628543103465
EMO749,5.707375897727273
EMO75,5.620108654166667
EMO750,5.837179948846726
EMO751,5.309447625
EMO752,7.174405226041666
EMO753,6.4219830918560605
EMO754,4.646314536458333
EMO755,7.244711215711805
EMO756,5.170525623263889
EMO757,6.098492717592593
EMO758,6.136697578125
EMO759,6.543312832465277
EMO76,5.723327913690476
EMO760,5.480199615451389
EMO761,6.479345172275641
EMO762,5.677309744047619
EMO763,6.116182548177084
EMO764,6.275961467881944
EMO765,5.769219838541667
EMO766,4.732189247916667
EMO767,6.868919290890269
EMO768,5.286974316176471
EMO769,4.70809225
EMO77,5.930853547916667
EMO770,4.715373402462121
EMO771,4.888677677083334
EMO772,6.028808856481482
EMO773,7.122726712339744
EMO774,5.4730429166666665
EMO775,5.45088878125
EMO776,4.683187880208333
EMO777,4.804150255208333
EMO778,3.397378569791667
EMO779,6.456272299305556
EMO78,5.835354130208334
EMO780,5.64682965
EMO781,4.448162651960784
EMO782,4.409013453598485
EMO783,6.567368473524306
EMO784,5.534371717261904
EMO785,6.124801783854167
EMO786,6.696463529513889
EMO787,6.05292652741228
EMO788,5.937827513392857
EMO789,4.649693125946969
EMO79,6.191531551339286
EMO790,6.118647872916666
EMO791,5.756016339322916
EMO792,5.322165168560606
EMO793,6.661576541666667
EMO794,4.647206898611111
EMO795,5.445946567708333
EMO796,7.083446412298387
EMO797,5.2062644958333335
EMO798,7.623762452380952
EMO799,6.214457875
EMO8,5.287224489583333
EMO80,4.984645591938405
EMO800,6.930245957638889
EMO801,4.906778869791666
EMO802,6.173669577083333
EMO803,4.346852506164966
EMO804,4.594133300925926
EMO805,4.132068970833333
EMO806,6.133896633012821
EMO807,7.529441371527778
EMO808,7.276067374053031
EMO809,4.260067769583333
EMO81,5.777650210069445
EMO810,5.762543575892857
EMO811,4.714205827777778
EMO812,4.267045284090909
EMO813,5.667628847916666
EMO814,4.734414291666667
EMO815,4.06126475
EMO816,3.8653874342105263
EMO817,4.731387159722222
EMO818,4.706650991071428
EMO819,5.370421157552084
EMO82,6.433022711174242
EMO820,4.783992414351852
EMO821,7.806315653508772
EMO822,5.049158186631945
EMO823,5.475552728298611
EMO824,4.405042291666667
EMO825,4.555532632638889
EMO826,4.194983274088542
EMO827,5.415428030598958
EMO828,6.168814115277778
EMO829,4.015805436507937
EMO83,7.130701572172619
EMO830,5.442773053571429
EMO831,5.911746483901515
EMO832,5.3168931229166665
EMO833,4.812751502314815
EMO834,5.4282802142857145
EMO835,5.621273065972222
EMO836,5.809758279761905
EMO837,5.762074502976191
EMO838,4.344435501157408
EMO839,5.270029342708334
EMO84,6.537873849431818
EMO840,5.464260875385802
EMO841,6.120322138020833
EMO842,4.406563733333334
EMO843,6.394037594494048
EMO844,6.615851579166667
EMO845,4.749276554398148
EMO846,5.503709646929825
EMO847,5.921680821428572
EMO848,5.816458512957317
EMO849,4.372917345238095
EMO85,5.4075127379807695
EMO850,6.55221390224359
EMO851,6.463258425925925
EMO852,6.970660155715812
EMO853,4.857254418560606
EMO854,6.470012769230769
EMO855,6.715889767383658
EMO856,6.2313713574561405
EMO857,6.675768090178572
EMO858,5.734264557692308
EMO859,5.706330604166666
EMO86,5.575426489583333
EMO860,6.784970329752604
EMO861,5.891392460648148
EMO862,5.760028943910257
EMO863,6.314002693181818
EMO864,7.08748687808642
EMO865,5.619065742424242
EMO866,4.516040027777778
EMO867,6.038524966145833
EMO868,7.142140052579365
EMO869,5.2675221328125
EMO87,6.312550260416667
EMO870,6.224142125
EMO871,6.617596275462963
EMO872,7.119370788938492
EMO873,6.06093740625
EMO874,7.086015567916666
EMO875,5.98413724375
EMO876,7.341089022762346
EMO877,3.1923046640625
EMO878,6.731798998697917
EMO879,5.237072441145833
EMO88,6.638817842948718
EMO880,5.740639986111111
EMO881,6.95322896875
EMO882,6.98617708449074
EMO883,6.089758004319106
EMO884,7.159616114285714
EMO885,5.728031823822464
EMO886,5.9166617890625
EMO887,6.337558210526316
EMO888,5.239894664930556
EMO889,5.456432529761905
EMO89,6.3114156177884615
EMO890,6.235628485119047
EMO891,6.881598953828829
EMO892,6.649330928442029
EMO893,6.255
EMO894,6.978
EMO895,5.257711646990741
EMO896,6.527960305059524
EMO897,4.7511593075
EMO898,6.564159576754386
EMO899,7.06769218452381
EMO9,6.796163944444444
EMO90,6.137309061011905
EMO900,4.956678317708334
EMO901,5.4000328806818185
EMO902,4.811391915178571
EMO903,4.913596953125
EMO904,5.562658564583334
EMO905,6.769680341743326
EMO906,6.161427787660257
EMO907,5.68888712890625
EMO908,6.557255569128788
EMO909,6.618952525568182
EMO91,6.714791861111111
EMO910,5.030194203125
EMO911,3.7397301679166666
EMO912,5.990594519345238
EMO913,5.439280726325758
EMO914,6.122731486607143
EMO915,5.929309607638889
EMO916,5.3812319296875
EMO917,5.897210756944444
EMO918,5.61387009375
EMO919,5.589872194444444
EMO92,7.322595707589286
EMO920,6.2074012756410255
EMO921,6.642498733333333
EMO922,4.8396365461309525
EMO923,6.524325705929488
EMO924,5.752254947916667
EMO925,6.236568548177083
EMO926,6.127443663194445
EMO927,5.558084
EMO928,6.52626309375
EMO929,5.3756113625
EMO93,6.84950555787037
EMO930,5.7365374395833335
EMO931,6.031363375
EMO932,5.5472094375
EMO933,4.540921541666667
EMO934,5.606390998958333
EMO935,5.266051858072917
EMO936,4.835439320043103
EMO937,5.280004351041667
EMO938,6.627639615354938
EMO939,5.610759289772727
EMO94,7.41424853125
EMO940,5.4660889609375
EMO941,6.121571087862319
EMO942,5.361328039930556
EMO943,5.71664395
EMO944,5.404713287202381
EMO945,6.4433618494318186
EMO946,6.143502753472222
EMO947,5.988973263888889
EMO948,5.8643064953703705
EMO949,6.112375285714286
EMO95,6.166397654947916
EMO950,5.474360018750001
EMO951,4.715947653645833
EMO952,6.298928329545454
EMO953,4.936388120265152
EMO954,5.561839347916667
EMO955,3.7356203157894736
EMO956,5.786323293269231
EMO957,5.829225916666667
EMO958,5.81131046875
EMO959,6.468218661057692
EMO96,5.1321331458333335
EMO960,5.187798787946428
EMO961,5.7529374004629625
EMO962,5.287477155208333
EMO963,7.17743338271605
EMO964,6.820578129528985
EMO965,5.295083697916667
EMO966,4.948729642045454
EMO967,6.091021794921876
EMO968,6.235922345486111
EMO969,5.527516642361111
EMO97,5.966744313988095
EMO970,5.191659213235294
EMO971,5.920412901960784
EMO972,5.977674214962121
EMO973,5.395261771780302
EMO974,5.816663944444445
EMO975,5.922478774305556
EMO976,5.2193547916666665
EMO977,4.765974944010416
EMO978,5.817589790178571
EMO979,5.893002877232143
EMO98,6.839563291193182
EMO980,6.2575120016025645
EMO981,6.363598170138889
EMO982,5.961571577083333
EMO983,5.41277165
EMO984,6.107124354166666
EMO985,5.975642346354167
EMO986,6.271050235532408
EMO987,6.268415132936508
EMO988,5.0131227916666665
EMO989,6.506531615017361
EMO99,7.229688269717262
EMO990,7.457381674731183
EMO991,6.043327159288195
EMO992,5.300629145833334
EMO993,5.741315601388889
EMO994,7.90970190234375
EMO995,5.0358879114583335
EMO996,5.819463241003787
EMO997,6.476122856004902
EMO998,5.812624125
EMO999,5.3045905922619045
